starts_with,label,n
,,21
 , ピョンタ、3匹のところ,11
','press up' tank,1
(,(ice) screw attack,2
.,... loves the water !,8
.,...i started blasting,2
1,100%,5
1,1 0 0 %,2
1,1st fase,2
1,1,1
1,10,1
1,100,1
1,11,1
1,12,1
1,13,1
1,14,1
1,15,1
1,16,1
1,17,1
1,18,1
1,19,1
2,230,10
2,2nd billy mays missiles,7
2,2nd gauntlet missiles,7
2,215,6
2,230 missile,4
2,230 missles,4
2,2,1
2,20,1
2,21,1
2,22,1
2,23,1
2,230 missiles,1
2,24,1
2,25,1
2,26,1
2,27,1
2,28,1
2,29,1
3,3 musks missile,8
3,3mm,7
3,3 musketeers,2
3,3,1
3,3 muskateers missile,1
3,3 muskateers missiles,1
3,3 musketeers missle,1
3,30,1
3,31,1
3,32,1
3,33,1
3,34,1
3,35,1
3,36,1
3,37,1
3,38,1
3,39,1
3,3m missiles,1
4,4 dead trolls,6
4,4,1
4,40,1
4,41,1
4,42,1
4,43,1
4,44,1
4,45,1
4,46,1
4,47,1
4,48,1
4,49,1
4,4g,1
5,5,1
5,50,1
5,51,1
5,52,1
5,53,1
5,54,1
5,55,1
5,56,1
5,57,1
5,58,1
5,59,1
6,6,1
6,60,1
6,61,1
6,62,1
6,63,1
6,64,1
6,65,1
6,66,1
6,67,1
6,68,1
6,69 nice!,1
7,7,1
7,70,1
7,71,1
7,72,1
7,73,1
7,74,1
7,75,1
7,76,1
7,77,1
7,78,1
7,79,1
8,8,1
8,80,1
8,81,1
8,82,1
8,83,1
8,84,1
8,85,1
8,86,1
8,87,1
8,88,1
8,89,1
9,99%,24
9,9,1
9,9.807 m/s/s,1
9,9.807 m/s²,1
9,9.807 m/s² ,1
9,90,1
9,91,1
9,92,1
9,93,1
9,94,1
9,95,1
9,96,1
9,97,1
9,98,1
9,99,1
<,< that sucks,3
<,<3,1
?,???,1
\,\o/,1
a,any% pbs,70
a,alpha pbs,39
a,aqueduct supers,37
a,aqueduct missile,20
a,alpha pb,19
a,aqueduct missiles,17
a,alpha power bombs,16
a,aquaduct supers,16
a,alpha pb missile,13
a,attic missiles,12
a,animals?,11
a,alpha missile,8
a,aqueduct super,8
a,attic missile,8
a,alpha missiles,7
a,any% pbs missiles,7
a,any% pbs/missiles,7
a,alpha,6
a,aquaduct missiles,6
a,aqueduct,6
a,a. sand supers (#8),4
a,above sand missiles (#31),4
a,aqueduct missile+super,4
a,above sand supers,3
a,acid snakes tunnel,3
a,alpha power bomb pack,3
a,ancalagon,3
a,animals killed,3
a,any% cheeseburger,3
a,any% pb & ms,3
a,atom,3
a,auxiliary power,3
a,a power bombs,2
a,ac suit,2
a,alabama,2
a,alpha pb's,2
a,alpha power bomb,2
a,animal pbs,2
a,animals :),2
a,animals exit,2
a,any% pb missiles,2
a,attic,2
a,awakening missiles,2
a,a. sand supers jump!,1
a,a700,1
a,above sand missiles (spark jump next!),1
a,acid snakes recharge station,1
a,acid tide missiles,1
a,after bowling (bot right),1
a,all powerups collected,1
a,alpha bombs,1
a,alpha pb missiles,1
a,alpha power bomb room,1
a,alpha power bombs any%,1
a,amphitheatre,1
a,any% power bomb,1
a,aqueduct save room,1
a,aqueduct sm,1
a,attic right missiles,1
a,attic right-side missiles,1
a,awakening missile,1
b,bombs,339
b,botwoon,113
b,bomb torizo,71
b,boots,62
b,bomb,49
b,beta pb,43
b,botwoon tank,22
b,botwoon e-tank,20
b,beta pbs,18
b,bubble reserve,18
b,beta power bombs,16
b,blue brinstar missile,16
b,brinstar elevator,16
b,bubble mountain missiles,16
b,big pink missiles,14
b,blue brinstar,14
b,back to crateria,13
b,blue,13
b,blue brinstar e-tank,13
b,blue brinstar power bombs,13
b,bridge missiles,13
b,brinstar reserve,13
b,baby metroid room,12
b,back to brinstar,12
b,back to norfair,12
b,ball,12
b,big pink power bomb,12
b,billy mays missile 1,12
b,billy mays missile 2,12
b,botwoon e,12
b,bridge missile,12
b,bubble mountain hidden missile,12
b,bubble mountain reserve tank,12
b,beach missiles,11
b,"beneath red ki, left of jumpers",11
b,beta jumper bombs,11
b,botright bubble mountain,11
b,brinstar 最初の酢味噌の下,11
b,beach missile,10
b,big pink top missile,9
b,business center,9
b,beta missile,8
b,better spin,8
b,bowling reserve,8
b,brin reserve,8
b,brinstar,8
b,beach supers (after),7
b,below spazer,7
b,botwoon [e],7
b,brinstar cleanup,7
b,but wait . . . there is more,7
b,bat room,6
b,beach super,6
b,big pink,6
b,billy mays # 1,6
b,billy mays # 2,6
b,bombs (regular route),6
b,botwoon ded,6
b,best item in the game,5
b,billy mays missles,5
b,blue power bombs,5
b,bolinha,5
b,botwoon energy tank room,5
b,bubble mountain,5
b,bubble mountain missile,5
b,billy mays #1,4
b,billy mays missile 1+2,4
b,billy mays missiles,4
b,blue brinstar e,4
b,blue brinstar pb,4
b,botwoon e-tank (#11),4
b,bowling missile,4
b,brinstar reserve missile 1+2,4
b,bubble hidden missiles,4
b,bubble missile,4
b,bubble missile (#41),4
b,bubble reserve missiles,4
b,barrier suit,3
b,batman hook,3
b,beby event start,3
b,best music elevator,3
b,billy mays 1,3
b,billy mays 2,3
b,blue p-bombs,3
b,bomb chorizo defeated,3
b,botwoon defeated,3
b,bouncy ball,3
b,bowling missiles,3
b,brinstar 2,3
b,brinstar reserve tank,3
b,broken glass,3
b,bt,3
b,bubble mountain reserves,3
b,baby kraid room,2
b,backtrack missile,2
b,basement,2
b,bat cave,2
b,beach super and missile,2
b,below botwoon energy tank,2
b,big bombs,2
b,big pink e tank,2
b,big pink pbs,2
b,billy mays room,2
b,billy mays' missiles,2
b,blue brinstar boulder room,2
b,blue brinstar energy tank room,2
b,bomb torizo room,2
b,botwoon comes apart,2
b,botwoon energy tank pitall,2
b,botwoon's room,2
b,brain,2
b,brinstar reserve missiles #1,2
b,bt goes boom,2
b,bubble mountain bottom,2
b,bubble mountain cleanup (top left / bottom right),2
b,bubble mountain top,2
b,bug sand hole,2
b,b.o.m.b.,1
b,baby,1
b,baby metroid's room,1
b,bad guy,1
b,ball o' death,1
b,beach sm & missile,1
b,beach supers,1
b,beach supers & missiles,1
b,beetoms are butt e tank,1
b,behind any% power bomb,1
b,below early super missile,1
b,below early super missiles,1
b,below ice beam missiles,1
b,below ice missiles (+ kraid missiles),1
b,best ray,1
b,bestball,1
b,beta power bomb room,1
b,beyond spike room of death,1
b,big boy room,1
b,big pink (clean),1
b,big pink energy tank,1
b,big pink grapple missiles,1
b,big pink power bombs,1
b,big pink top missiles,1
b,billy mays,1
b,billy mays missiles 2,1
b,blip,1
b,block missiles,1
b,blue brinstar missiles,1
b,blue hopper room,1
b,boing,1
b,boing!,1
b,booms,1
b,boss (escape),1
b,boss (phantoon),1
b,boss.1 - kraid,1
b,boss.2 - phantoon,1
b,boss.3 - draygon,1
b,boss.4 - ridley,1
b,bot of brin jump (supers),1
b,bottom etank,1
b,bottom pb,1
b,botwoon dead,1
b,botwoon e-tank (speed edge of halfie room),1
b,botwoon energy,1
b,botwoon energy tank,1
b,botwoon hallway,1
b,bowling alley,1
b,bowling alley path 1,1
b,bowling alley path 2,1
b,br bubble missiles,1
b,bridge,1
b,brinstar clean up,1
b,brinstar first visit,1
b,brinstar reserve missile #2,1
b,brinstar reserve missile 1,1
b,brinstar reserve missiles,1
b,brinstar reserve missiles #2,1
b,brinstar reserve tank room,1
b,broken jump,1
b,bt dead,1
b,bubble bot right,1
b,bubble far right (pb frogway first),1
b,bubble missiles,1
b,bubble moutain missile,1
b,bubble top left,1
b,business center save room,1
b,but wait there's more,1
b,butterfly room,1
b,bye mardia ,1
c,charge beam,231
c,crocomire,72
c,crab supers,66
c,charge,47
c,cathedral missiles,45
c,climb supers,31
c,ceres escape,29
c,charge missiles,28
c,crumble shaft missiles,25
c,crateria pbs,23
c,croc escape missiles,23
c,ceres,22
c,croc tank,21
c,charge e-tank,16
c,croc [e],16
c,croc escape missile,15
c,crocomire power bombs,15
c,crateria elevator,14
c,crocomire e-tank,14
c,cathedral,13
c,charge beam missiles,13
c,crateria supers,13
c,caterpillar pbs,12
c,cathedral lava pit,12
c,charge missile,12
c,cliff missile,12
c,crocomire dead,12
c,crateria 上がったとこの左部屋 missle,11
c,croc bombs,11
c,croc e-tank,9
c,croc pbs,9
c,crocomire (finally),9
c,crumble shaft,9
c,ceres station,8
c,cosine,8
c,cathedral missile,7
c,ceiling e,7
c,croc e,7
c,croc pb,7
c,croc etank (wrap around),6
c,chzbrgr,5
c,clean up,5
c,cleanup,5
c,climb,5
c,croc e-tank (#4),5
c,crock,5
c,croco,5
c,crocomire speedway,5
c,crumble room missiles,5
c,caterpillar room,4
c,charge missiles (#23),4
c,chozo missiles,4
c,chozo statue,4
c,colosseum save room,4
c,construction zone,4
c,crab shaft,4
c,crab tunnel,4
c,crateria,4
c,crateria last e-tank,4
c,crateria p-bombs (#10),4
c,crateria recharge,4
c,crateria supers (#10),4
c,crocomire e,4
c,crocomire pb,4
c,crumble missile,4
c,ceres escape begins,3
c,ceres escape ends,3
c,ceres ridley,3
c,charge　beam,3
c,clean ship,3
c,colony out,3
c,colosseum,3
c,crateria 2,3
c,crateria p-bomb,3
c,critters items,3
c,croc exit,3
c,crocomire defeated,3
c,crocomire's room,3
c,croko energy tank,3
c,caterpillar save room,2
c,ceres hallway,2
c,ceres lab,2
c,ceres parlor,2
c,ceres shaft,2
c,ceres stairwell,2
c,cheaty,2
c,colosseum recharge station,2
c,crab hole,2
c,crab hole tunnel,2
c,craig,2
c,"crateria done, g4",2
c,crateria keyhunter room,2
c,crateria power bombs,2
c,croc e tank,2
c,croc fall down,2
c,croc power bombs,2
c,croc's etank,2
c,"croc, grapple, norfair done",2
c,crumble shaft missiles (x2),2
c,cwj missile,2
c,cactus alley,1
c,cactus alley path,1
c,cathedral entrance,1
c,ceiling e-tank,1
c,ceiling energy,1
c,ceiling missiles,1
c,ceres ridley dead,1
c,ceres ridley room,1
c,charge beam (10) (1/5),1
c,charge beam missile,1
c,charge missiles (use a pb first),1
c,chin slam,1
c,choot missiles,1
c,choot supers,1
c,classic e-tank,1
c,clean green,1
c,cleared first metroid room,1
c,cleared fourth metroid room,1
c,cleared second metroid room,1
c,cleared third metroid room,1
c,cliff missiles,1
c,climb sup,1
c,colgate,1
c,consolation prize missiles,1
c,cosine missile,1
c,cosine missiles,1
c,crab sm,1
c,crateria 1: walking,1
c,crateria clean up,1
c,crateria keyhunter elevator,1
c,crateria last e-tank (cieling),1
c,crateria p-bombs (top of green hills),1
c,crateria pb,1
c,crateria power bomb,1
c,crateria power bomb room,1
c,crateria super room,1
c,crateria supers (first right wall of climb),1
c,crateria tube,1
c,createria sm,1
c,crikomire,1
c,critter energy tank,1
c,critter power bombs,1
c,critter supers,1
c,croc power bomb,1
c,croc's pbs,1
c,crocomire energy tank,1
c,crocomire escape,1
c,crocomire escape missiles,1
c,crocomire pbs,1
c,crocomire tank,1
c,crumble missile left (did you noob it?),1
c,crumble missile right (don't noob it),1
c,crumble missiles x2,1
c,crumble shaft missile,1
d,draygon,91
d,done,49
d,draygon missiles,22
d,dray-gone,18
d,defeat kraid,12
d,deactivated spike missiles,11
d,don't screw these up,11
d,double missiles (1),11
d,double missiles (2),11
d,draygon missile,11
d,dead ball guard,9
d,drkliter's favorite,9
d,dunzo,7
d,dead critters,6
d,dead spike missiles,6
d,don't choke,6
d,draygon missiles + spacejam!!!!!,6
d,dumbley,6
d,dickbuttz,5
d,draygon missiles (#29),5
d,dead spike missile,4
d,disappear missiles (#34),4
d,done (igt 53),4
d,double chamber missile,4
d,dumb e-tank,4
d,disappear missiles,3
d,done (igt 52),3
d,draygon defeated,3
d,dumbtoon,3
d,dachora room,2
d,damage per frame,2
d,daygon,2
d,defeat:mother brain,2
d,defeat:phantoon,2
d,doll,2
d,done with the sand,2
d,done!,2
d,double chamber,2
d,dragon etank,2
d,draygon dead,2
d,draygon's room,2
d,d e e r f o r c e,1
d,d800,1
d,default power bomb,1
d,defeated bomb torizo,1
d,defeated botwoon,1
d,defeated crocomire,1
d,defeated draygon,1
d,defeated golden torizo,1
d,defeated kraid,1
d,defeated phantoon,1
d,defeated ridley,1
d,dental plan,1
d,destroyed draygon's statue,1
d,destroyed kraid's statue,1
d,destroyed phantoon's statue,1
d,destroyed ridley's statue,1
d,disney item,1
d,don't missiles ,1
d,done (igt 54),1
d,done (igt 58),1
d,dot done,1
d,double missiles,1
d,double tap,1
d,draagon,1
d,dragon tank,1
d,draygon (3/4),1
d,draygon enter,1
d,dust torizo room,1
e,escape!,96
e,escape,91
e,early supers,59
e,etecoon supers,53
e,end,39
e,end me,36
e,etecoon pb,36
e,etecoon pbs,36
e,enter tourian,28
e,enter ridley's chamber,24
e,east sand hole,23
e,energy tank (mama turtle),21
e,energy tank (ridley),21
e,etecoon power bomb,21
e,early super missile,20
e,energy tank (botwoon),20
e,energy tank (crocomire),20
e,energy tank (gauntlet),20
e,energy tank (hi-jump boots),20
e,energy tank (kraid),20
e,energy tank (terminator),20
e,energy tank (behind sidehoppers),19
e,energy tank (charge beam),19
e,energy tank (construction zone),19
e,energy tank (etecoon),19
e,energy tank (fireflea room),19
e,energy tank (statue above water),19
e,escape climb,14
e,etecoon e-tank,14
e,etecoons pb,14
e,enter gt room,13
e,enter wrecked ship,13
e,early spazer,12
e,enter botwoon's room,12
e,enter crocomire's chamber,12
e,enter draygon's chamber,12
e,enter kraid's chamber,12
e,enter phantoon's chamber,12
e,etecoon super,12
e,"everest, then up-right to missiles",12
e,exit lower norfair,12
e,etacoon pb,11
e,etecoon tank (jump!),11
e,energy tank (1),9
e,energy tank (10) above speed sand,9
e,energy tank (11) broken glass,9
e,energy tank (12) fireflies,9
e,energy tank (13) here again,9
e,energy tank (13) right of croc,9
e,energy tank (2),9
e,energy tank (3),9
e,energy tank (4) high w ship,9
e,energy tank (5),9
e,energy tank (6),9
e,energy tank (7),9
e,energy tank (8) below charge,9
e,energy tank (9) above turtle,9
e,etank (waterway),9
e,etecoons pbs,9
e,e-tank #3,8
e,e-tank #7,8
e,electric beam,8
e,energy tank,8
e,enter ln,8
e,e-tank #2,7
e,e-tank #5,7
e,e-tank #8,7
e,e-tank #9,7
e,east tunnel,7
e,etank spikes,6
e,etecoon tank,6
e,e-tank,5
e,east sand missile,5
e,enter brinstar,5
e,enter maridia,5
e,early supers bridge missile,4
e,east sand pb,4
e,etecoon e,4
e,etecoon supers+e,4
e,etecoons,4
e,exit ln,4
e,exit supers,4
e,e-tank #10,3
e,e-tank #11,3
e,e-tank #12,3
e,e-tank #13,3
e,e-tank #14,3
e,e-tank #4,3
e,e-tank #6,3
e,e-tank (charge),3
e,e-tank above ss super,3
e,electric death room,3
e,electron tube,3
e,elevator (up),3
e,enter crateria,3
e,enter norfair,3
e,etecoon energy tank room,3
e,exit ceres,3
e,exit phantoon,3
e,e (boots),2
e,e (botwoon),2
e,e (charge beam),2
e,e (construction),2
e,e (crocomire),2
e,e (dark room),2
e,e (etecoon),2
e,e (gauntlet),2
e,e (kraid),2
e,e (mama turtle),2
e,e (ridley),2
e,e (ship statue),2
e,e (sidehoopers),2
e,e (terminator),2
e,e-tank bottom pink,2
e,e-tank pink,2
e,early super missle,2
e,early supers room,2
e,east blue missiles,2
e,east sand hall,2
e,east sand hole missiles,2
e,east sand missiles,2
e,east sand pbs,2
e,easy draygon strat,2
e,el fin,2
e,enter croc,2
e,entire:norfair core,2
e,entire:tourian,2
e,escape:space colony,2
e,escape:zebes,2
e,etecoon e tank,2
e,etecoon supers & tank,2
e,etecoon's pb,2
e,etecoons item,2
e,etecos pbs,2
e,exit missile,2
e,extendo,2
e,e sand hole missiles,1
e,e sand hole pbs,1
e,e-tank (below charge - spark out),1
e,e-tank (rbo super glitch),1
e,e-tank (spikes),1
e,e-tank below charge beam,1
e,e-tank hjb,1
e,early missiles x2,1
e,early reserve tank,1
e,early sm,1
e,early super missiles,1
e,early super's,1
e,east ocean,1
e,east pants room,1
e,east sand hole pbs,1
e,east sand hole pitfall,1
e,east sand hole power bombs,1
e,east sand power,1
e,east sand power bombs,1
e,east super,1
e,elevator,1
e,end.escape,1
e,energy tank (13) (2/14),1
e,energy tank (16) (3/14),1
e,energy tank (22) (4/14),1
e,energy tank (36) (5/14),1
e,energy tank (4) (1/14),1
e,energy tank (45) (6/14),1
e,energy tank (48) (7/14),1
e,energy tank (54) (8/14),1
e,energy tank (56) (9/14),1
e,energy tank (58) (10/14),1
e,energy tank (72) (11/14),1
e,energy tank (82) (12/14),1
e,energy tank (83) (13/14),1
e,energy tank (97) (14/14),1
e,energy tank (behind blue gate behind sidehoppers),1
e,energy tank (behind/below charge beam's location),1
e,energy tank (ceiling right past construction zone),1
e,"energy tank (etecoon), accessed below brinstar elevator floor, to the left - watch out for that floor",1
e,energy tank (fire flee),1
e,energy tank (frogs),1
e,"energy tank (lower norfair fireflea room), behind the namihe, under the claw",1
e,energy tank (sexmaster),1
e,"energy tank (statue above water, past all the spikes)",1
e,energy tank (ws),1
e,enter botwoon,1
e,enter croc room,1
e,enter draygon,1
e,enter kraid,1
e,enter kraid room,1
e,enter lower norfair,1
e,enter mb room,1
e,enter phantoon room,1
e,enter ridley room,1
e,enter ship,1
e,entering maridia,1
e,entering tourian,1
e,escape 1 il run 5-1,1
e,escape ceres,1
e,escape igt 1:33,1
e,et.1 - 1st tank,1
e,et.10 - tutle power,1
e,et.11 - eulogy for drgn,1
e,et.12 - ridley,1
e,et.13 - fireflea,1
e,et.14 - i'm blue,1
e,et.2 - kraid tank,1
e,et.3 - high jump tank,1
e,et.4 - croctank,1
e,et.5 - wrecked ship,1
e,et.6 - gauntlet,1
e,et.7 - under green brinstar,1
e,et.8 - right of mission impossible,1
e,et.9 - waterway,1
e,etacoon pbs,1
e,etacoon sm & e-tank,1
e,etacoon supers,1
e,etacoon tank,1
e,etecoon,1
e,etecoon bomb,1
e,etecoon power bombs,1
e,etecoon save room,1
e,etecoon super room,1
e,eticoon bombs,1
e,eticoon power bombs,1
e,exit,1
e,exit norfair,1
e,eye spy,1
f,final escape,24
f,first missile,21
f,first missiles,21
f,final missiles,17
f,fireflea e-tank,17
f,final trip to crateria,12
f,finish ridley,12
f,first reserve missile,12
f,fireflea e,11
f,false wall missile,9
f,firefleas,9
f,first e-tank,8
f,fin,7
f,first p-bombs,7
f,first reserve,7
f,first supers,7
f,franker z missiles,7
f,fake kraid tank,6
f,far right e.t.,6
f,fireflea etank,6
f,final clean,5
f,finished,5
f,final missiles (#46),4
f,first power bomb,4
f,fish tank,4
f,flyway,4
f,frankerz missile,4
f,felix b.,3
f,first reserve tank,3
f,first super missile,3
f,flashiest boss,3
f,final,2
f,final missile bombway,2
f,finsih,2
f,fireflea [e],2
f,fireflea tank,2
f,first pbs,2
f,flying,2
f,frankerz missiles,2
f,funtoon,2
f,f i n i s h,1
f,false wall missiles,1
f,fast pillars setup room,1
f,fast ripper room,1
f,fin.,1
f,final clean up,1
f,final missile,1
f,final missiles (left blue of parlor),1
f,final room,1
f,finish,1
f,fireflea,1
f,fireflea e-tank (#13),1
f,fireflea's etank,1
f,firefleas e-tank,1
f,firefleas tank,1
f,first missile room,1
f,"first p-bombs (spark across, noob)",1
f,first pb,1
f,first power bombs,1
f,first super missiles,1
f,flushed the lavatory,1
f,forever jump,1
f,forgotton e-tank,1
f,free max b,1
f,freebie missile,1
f,frog speedway,1
g,gravity suit,326
g,grapple beam,207
g,golden 4,154
g,g4,119
g,grapple,112
g,golden four,105
g,gravity,105
g,grappling beam,72
g,golden torizo,57
g,green hill missiles,57
g,gt supers,30
g,gt missiles,28
g,gauntlet e-tank,27
g,grapple missiles,21
g,gauntlet tank,20
g,gold torizo,19
g,grapple missile,14
g,gravity missiles,14
g,gravity reserve,14
g,gt missile,14
g,green hill pipe,13
g,gauntlet missile #1,12
g,gauntlet missile #2,12
g,golden torizo supers,12
g,green brinstar,12
g,green gate missiles,12
g,ground maze missile,12
g,gtfo,12
g,gauntlet e,11
g,golden torizo (jump),11
g,grappling missiles,11
g,gravity suit (finally),11
g,gravity suit missile,11
g,gravity suit reserve,11
g,gauntlet missiles,9
g,green bubbles missile,9
g,gauntlet e tank,8
g,green hills,8
g,gt super,8
g,grabber,7
g,grapple + missiles,7
g,gt missiles (lay pb),7
g,gauntile # 1,6
g,gauntile # 2,6
g,gg,6
g,glass tunnel,6
g,gravy sute,6
g,gt items and screw,6
g,gravit,5
g,green hill missile,5
g,gauntlet e-tank (#6),4
g,gauntlet missiles 1+2,4
g,glow e-tank (#13),4
g,gold missiles (#35),4
g,gold supers (#9),4
g,golden chozo,4
g,green brinstar main shaft,4
g,gt,4
g,gauntlet missile 2,3
g,ghost house ammo,3
g,glow e-tank,3
g,gold supers,3
g,golden torizo defeated,3
g,grav,3
g,gravity  suit,3
g,grayscale,3
g,green door pbs,3
g,green hill missles,3
g,green hill zone,3
g,green pbs,3
g,green pirates shaft,3
g,grupling,3
g,g-4,2
g,gauntlet,2
g,gauntlet etank,2
g,gauntlet missiles 1,2
g,gg noob,2
g,ghost,2
g,go left,2
g,going bzzzt,2
g,gold,2
g,golden statue,2
g,grappling hook,2
g,grappring beam,2
g,green brin cleanup,2
g,green brinstar e-tank (#7),2
g,green bubbles missile room,2
g,green bubbles missiles,2
g,green hill misseles,2
g,green hills missiles,2
g,grilled shrimp dinner,2
g,grpl,2
g,gt goes boom,2
g,guantlet missiles 2,2
g,gunship,2
g,gunship visit 1,2
g,gunship visit 2,2
g,g.1 - morph ball,1
g,g.10 - ice beam,1
g,g.11 - gravity suit,1
g,g.12 - space jump,1
g,g.13 - spring ball,1
g,g.14 - plasma beam,1
g,g.15 - screw attack,1
g,g.16 - xray,1
g,g.2 - bomb,1
g,g.3 - charge beam,1
g,g.4 - spazer,1
g,g.5 - varia,1
g,g.6 - high jump,1
g,g.7 -  speed booster,1
g,g.8 -wave beam,1
g,g.9 - grapple beam,1
g,g4 elevator,1
g,g4 kraig asplode,1
g,gate energy,1
g,gauntet etank,1
g,gauntlet 1,1
g,gauntlet 2,1
g,gauntlet 3,1
g,gauntlet e-tank (foot pixels wave shot)),1
g,gauntlet energy tank,1
g,gauntlet energy tank room,1
g,gauntlet entrance,1
g,gauntlet left missiles,1
g,gauntlet missile right,1
g,gauntlet right missiles,1
g,gb missiles,1
g,get out!,1
g,gh pipe missiles,1
g,ghz missiles,1
g,glass tunnel broken,1
g,gloden 4,1
g,"gold missiles (miss this jump, rip run)",1
g,gold supers (get before fighting gt),1
g,golden statues,1
g,golden torizo missiles,1
g,golden torizo's room,1
g,grabble,1
g,grappin,1
g,grapple area missiles,1
g,grapple beam room,1
g,grappling beam (25),1
g,gravitron suit,1
g,gravity missile,1
g,gravity suit (42) (2/2),1
g,gravity suit room,1
g,"gravity,",1
g,gravityyy!,1
g,green b,1
g,green brinstar beetom room,1
g,green brinstar/norfair elevator (down),1
g,green hill zone missiles,1
g,green missile,1
g,green pipe,1
g,ground maze missiles,1
g,gt (swap with below if get while he spawns),1
g,gt dead,1
g,gt sm,1
g,gt4,1
g,gunship visit,1
h,hi-jump boots,82
h,high jump,28
h,hjb missiles,24
h,hjb tank,21
h,hi jump boots,14
h,hi-jump e-tank,13
h,hi-jump missiles,13
h,hidden left of musketeers,11
h,hidden missiles,11
h,hjb,11
h,hello metroids,8
h,hoto missile,8
h,hi jump,5
h,halfie climb room,4
h,heart missiles (#36),4
h,hi-jump,4
h,hi-jump e,4
h,hi-jump missile,4
h,high e,4
h,high missile #16,4
h,high missiles,4
h,halfie crash,3
h,heart missiles,3
h,high jumps,3
h,high missile,3
h,hundo fundo,3
h,hi jump energy tank room,2
h,hidden missle ws,2
h,hidden reserve,2
h,hjb e tank,2
h,"hjb, wave",2
h,hot suit,2
h,hundo,2
h,hellway,1
h,hi jump boots room,1
h,hi jump energy tank,1
h,hi jump missiles,1
h,hi-jump boots (14),1
h,hi-jump tank,1
h,hidden missile,1
h,hidden missile in beach,1
h,hidden pbs,1
h,high jump boots,1
h,high missile (spark off ledge),1
h,high point missile,1
h,hjb e-tank,1
h,holy spring,1
h,hopper energy tank room,1
i,ice beam,248
i,ice,63
i,in there,15
i,igt end,12
i,in front of pipe maze,11
i,i (don't) want a slow dude !,8
i,i'm orange !,8
i,ice beam (kraid missile plz),8
i,infinite jump ...?,8
i,ice missiles,7
i,intro,6
i,ice beam gate room,5
i,indiana jones missiles,5
i,itens (f4),4
i,ice ,3
i,ice beam acid room,3
i,in memory of,3
i,inferior firepower,3
i,ice beam snake room,2
i,"ice, ice, baby",2
i,"ice, phantoon",2
i,indiana jones,2
i,item cancel,2
i,ice beam (75) (5/5),1
i,ice beam room,1
i,ice eu te pego,1
i,icey ice beam,1
i,invisible missiles x2,1
i,isaac newton,1
j,jail pbs,15
j,jail break,2
j,jumping all day long,2
j,jabba dead,1
j,jail,1
j,jump,1
j,jump ball,1
j,jump missiles,1
j,jump tank,1
j,jumpy,1
j,jumpy boots,1
k,kraid,94
k,kraid missiles,84
k,kraid e-tank,56
k,kraid missile,34
k,kraid tank,24
k,kraid e,11
k,kraid missiles (with pbs),6
k,kraid missles,5
k,kraid misseles,4
k,kraid missiles (#33),4
k,kick some ice,3
k,kraid defeated,3
k,kassiuz room,2
k,kgg,2
k,kihunter room missiles,2
k,kraid e tank,2
k,kraid eye door room,2
k,kraid goes boom,2
k,"kraid missiles, x-ray, brinstar done",2
k,kraid power bomb,2
k,kraid room,2
k,kraid's missile,2
k,kappa tank,1
k,kill mother brain,1
k,kraid (1/4),1
k,kraid energy tank,1
k,kraid killed,1
k,kraid leftovers,1
k,"kraid missiles (buffer the spring ball jump, you noob)",1
k,kraid's lair spring ball missiles,1
k,kronic boost room,1
l,left of beach in pit,22
l,left ship supers,21
l,left sand missiles,19
l,leave norfair,18
l,landing site power bomb,14
l,last item or rip?,14
l,lava tide,14
l,lower norfair elevator,14
l,lower bubble mountain missile,12
l,last block tl bubble mountain,11
l,left block of invis pedestal,11
l,last reserve,10
l,l sand missile,8
l,l sand reserve,8
l,litle destruction,8
l,last missiles(?),7
l,lava drop (under ice) room wall missiles,6
l,lava pillar missiles,6
l,lava tide missile,6
l,left beach,6
l,left sand pit missiles,6
l,left-side supes,6
l,lower pink e-tank,6
l,left bubble missile (#39),5
l,lower norfair,5
l,l bub missile 2 (#40),4
l,l. sand missiles (#32),4
l,landing site,4
l,landing site pb,4
l,last cleanup,4
l,lava missile (#6),4
l,left sand hole,4
l,left sand pit missile,4
l,left sand reserve,4
l,last missile pack,3
l,lava missile,3
l,ln entrace,3
l,ln entry,3
l,lower norfair fireflea room,3
l,la bomba,2
l,landing pbs,2
l,last clean up,2
l,last missiles,2
l,lava dive elevator,2
l,lava pit missle,2
l,lavatory,2
l,left sand pit exit,2
l,left ws supers,2
l,left-side supers,2
l,let there be light,2
l,let's dance,2
l,life's a beach,2
l,ln elevator,2
l,lower mushrooms,2
l,lower mushrooms elevator,2
l,lower norfair escape power bomb room,2
l,lower norfair farming room,2
l,lower norfair spring ball maze room,2
l,l. sand missiles (did you fail the spring ball?),1
l,last energy tank,1
l,last missile,1
l,lava dive room,1
l,lava dive save room,1
l,lava missile (cathedral caverns),1
l,lava pit missiles,1
l,lava tide missiles,1
l,leave phantoon,1
l,left gauntlet missiles,1
l,lower bubble mountain missiles,1
l,lower norfair escape power bombs,1
l,lower norfair exit,1
l,lower norfair fireflea energy tank,1
l,lower route missiles,1
m,morph ball,153
m,mother brain,93
m,main street,47
m,missile,40
m,missile (to the right),38
m,mb1,37
m,mother fucking brain,36
m,mb2,30
m,maridia reserve,29
m,mickey mouse missiles,29
m,moat missiles,29
m,mother brain 2,28
m,mb3,22
m,missile (wave beam),22
m,morph,21
m,main street missiles,20
m,missile (awakening),20
m,missile (behind the grapple blocks),20
m,missile (bottom left of ocean),20
m,missile (charge beam),20
m,missile (draygon),20
m,missile (grappling beam),20
m,missile (gravity suit),20
m,missile (green hill pipe),20
m,missile (hi-jump boots),20
m,missile (in front of pipe maze),20
m,missile (lava tide),20
m,missile (main street),20
m,missile (mama turtle),20
m,missile (mickey mouse),20
m,missile (moat),20
m,missile (next to green gate),20
m,missile (right of attic),20
m,mama turtle tank,19
m,missile (aqueduct),19
m,missile (below the bridge),19
m,missile (billy mays),19
m,missile (bottom of bubble mountain),19
m,missile (choot sand pit),19
m,missile (east sand hole),19
m,missile (final),19
m,missile (geemer shaft),19
m,missile (golden torizo),19
m,missile (ground maze),19
m,missile (hidden in ceiling),19
m,missile (hidden to the left),19
m,missile (highest point),19
m,missile (in center cathedral),19
m,missile (john cena),19
m,missile (kpdr any% power bomb),19
m,missile (kraid's lair),19
m,missile (old mother brain tank),19
m,missile (right side of maridian beach),19
m,missile (sphere),19
m,missile (three musketeers),19
m,missile (top of bubble mountain),19
m,missile (west sand hole),19
m,missile x2,19
m,missile x2 (crumble shaft),19
m,mountain missile,17
m,mama turtle missile,16
m,missile #2,16
m,morphing ball,16
m,maze missile,15
m,mb dead,15
m,missile  (crumble shaft),15
m,main street spark missiles,12
m,missiles right of attic,12
m,morph bombs,12
m,mother brain's room,12
m,mickey mouse (above writg),11
m,missile right,11
m,missiles invisibridge,11
m,mother brain 3,11
m,mama turtle e-tank,10
m,mama turtle missiles,10
m,maze missiles,10
m,mb1 dead,10
m,missile #4,10
m,moat,10
m,mother brain 1,10
m,missile (10),9
m,missile (11),9
m,missile (12),9
m,missile (13),9
m,missile (14),9
m,missile (15),9
m,missile (16),9
m,missile (16) bottom left water,9
m,missile (17),9
m,missile (18) above charge,9
m,missile (18) tl big pink,9
m,missile (19),9
m,missile (20) short charge,9
m,missile (21) right turtle,9
m,missile (22) hidden right,9
m,missile (23) left and down,9
m,missile (24),9
m,missile (25) down sand x2,9
m,missile (26),9
m,missile (27),9
m,missile (28) back to kraidville,9
m,missile (29) left wall hidden,9
m,missile (30) above torizo,9
m,missile (31) left pit,9
m,missile (32),9
m,missile (32) down the hole,9
m,missile (33) left of pit,9
m,missile (34) fake step,9
m,missile (35) bottom right,9
m,missile (36) don't need no beam,9
m,missile (37) lava don't hurt,9
m,missile (38) by green door,9
m,missile (39) hidden walkway,9
m,missile (40) right there,9
m,missile (41) right at bottom,9
m,missile (42) under old brain,9
m,missile (43) left parlor,9
m,missile (5),9
m,missile (6),9
m,missile (7),9
m,missile (8),9
m,missile (9),9
m,missiles (1),9
m,missiles (2),9
m,missiles (3),9
m,missiles (4),9
m,mother brain1,9
m,mama missile,8
m,mama tank,8
m,meme pbs,8
m,missile #3,8
m,missile #5,8
m,missile below,8
m,mission impossible,8
m,mission impossible pbs,8
m,mm missile,8
m,main ws missiles,7
m,mama turtle [e],7
m,mickey mouse,7
m,missile #10,7
m,missile #11,7
m,missile #12,7
m,missile #13,7
m,missile #14,7
m,missile #15,7
m,missile #17,7
m,missile #18,7
m,missile #20,7
m,missile #21,7
m,missile #22,7
m,missile #27,7
m,missile #28,7
m,missile #37,7
m,missile #38,7
m,missile #42,7
m,missile #43,7
m,missile #44,7
m,missile #8,7
m,missile #9,7
m,missile lake,7
m,moat missile,7
m,mama turtle,6
m,missile #1,6
m,more supers,6
m,main street missile,5
m,marian clean,5
m,maridia,5
m,mickey mouse missile,5
m,missiles 1,5
m,missiles 2,5
m,mission impossible pb,5
m,morphball,5
m,mother,5
m,mother brain dinosaur,5
m,motherbitch,5
m,main st. missiles (#25),4
m,main st. supers (#6),4
m,main street spark missile,4
m,mama missiles,4
m,mama turtle e,4
m,mama turtle energy tank,4
m,maridia beach,4
m,mickey missiles,4
m,miridia clean up,4
m,missile #7,4
m,missiles,4
m,mission impossible misiles,4
m,mission impossible missile,4
m,missle left,4
m,morph ball room,4
m,mother brain exit,4
m,mt. everest,4
m,m1,3
m,main st. missiles,3
m,maridia (space),3
m,maridia clean,3
m,maridia complete,3
m,maridia in,3
m,maridia save,3
m,mb defeated/zebes escape,3
m,mb missiles,3
m,meowtoon,3
m,mig bountain missiles,3
m,missile #16,3
m,missile #19,3
m,missile #23,3
m,missile #24,3
m,missile #25,3
m,missile #26,3
m,missile #29,3
m,missile #30,3
m,missile #31,3
m,missile #32,3
m,missile #33,3
m,missile #34,3
m,missile #35,3
m,missile #36,3
m,missile #39,3
m,missile #40,3
m,missile #41,3
m,missile #45,3
m,missile #46,3
m,missile before sb,3
m,"missile, pb, missile",3
m,missiles (left sandpit),3
m,missiles 9-11,3
m,missiles behind pbs,3
m,missiles main street,3
m,missilie #6,3
m,missilie #7,3
m,mother brain win,3
m,m2,2
m,m210/sm45/pb40/e12,2
m,m230/sm50/pb50/e14,2
m,main hall,2
m,making maridia dull again,2
m,mama turtle etank,2
m,maridia done,2
m,maridia missiles,2
m,maridia reserve tank,2
m,maridia supers,2
m,mates,2
m,mb 1,2
m,metal pirates room,2
m,mickey,2
m,missile (bubble reserve),2
m,missile (parlor),2
m,missile (pink) + etank,2
m,missiles 3,2
m,mission impossible missiles,2
m,missle hidden pb,2
m,missles after gauntlet,2
m,momma turtle tank,2
m,morp,2
m,morph ball (4311),2
m,morph ball (4357),2
m,"morph, bombs",2
m,mother brain missiles,2
m,much longer than any%,2
m,m.10,1
m,m.100,1
m,m.105,1
m,m.110,1
m,m.115,1
m,m.120,1
m,m.125,1
m,m.130,1
m,m.135,1
m,m.140,1
m,m.145,1
m,m.15,1
m,m.150,1
m,m.155,1
m,m.160,1
m,m.165,1
m,m.170,1
m,m.175,1
m,m.180,1
m,m.185,1
m,m.190,1
m,m.195,1
m,m.20,1
m,m.200,1
m,m.205,1
m,m.210,1
m,m.215,1
m,m.220,1
m,m.225,1
m,m.230,1
m,m.25,1
m,m.30,1
m,m.35,1
m,m.40,1
m,m.45,1
m,m.5,1
m,m.50,1
m,m.55,1
m,m.60,1
m,m.65,1
m,m.70,1
m,m.75,1
m,m.80,1
m,m.85,1
m,m.90,1
m,m.95,1
m,m2 (gray mb),1
m,main,1
m,main shaft missile,1
m,main st missiles,1
m,main st. missiles (bonk then grass),1
m,main st. supers (left wall crab),1
m,main street missles,1
m,main street supers,1
m,main ws missile,1
m,mainstreen missles,1
m,mainstreet missles,1
m,mama,1
m,mama etank,1
m,mama turtle energy,1
m,mama turtle room,1
m,maradia reserve & missile,1
m,maridia clean up,1
m,maridia elevator room,1
m,maridia entrance,1
m,maridia glass,1
m,maridia kappatank,1
m,maridia reserve (spring ball strats?),1
m,maridia reserve missiles,1
m,maridia sand pit missiles,1
m,maridia sand pit pbs,1
m,maridia shinespark missiles,1
m,mb2 dead,1
m,mb3 dead,1
m,mbi,1
m,meridia,1
m,metarooms,1
m,metroid room 1,1
m,metroid room 2,1
m,metroid room 3,1
m,metroid room 4,1
m,metroid rooms,1
m,metroid was stolen,1
m,metroids,1
m,mickey (dont fall on way out!),1
m,mickey mouse room,1
m,mickey mouse's missile,1
m,miniboss.0 - bomb torizo,1
m,miniboss.1 - crocomire,1
m,miniboss.2 - botwoon,1
m,missile #28 (further above botwoon),1
m,"missile (""lower route"" after ice beam - hidden directly left in the wall of geemer shaft after entering room)",1
m,missile (100) (230),1
m,missile (15) (25),1
m,missile (17) (30),1
m,missile (18) (35),1
m,missile (2) (5),1
m,missile (20) (40),1
m,missile (24) (45),1
m,missile (26) (50),1
m,missile (27) (55),1
m,missile (28) (60),1
m,missile (29) (65),1
m,missile (32) (70),1
m,missile (33) (75),1
m,missile (37) (80),1
m,missile (38) (85),1
m,missile (39) (90),1
m,missile (40) (95),1
m,missile (43) (100),1
m,missile (46) (105),1
m,missile (47) (110),1
m,missile (5) (10),1
m,missile (51) (115),1
m,missile (55) (120),1
m,missile (57) (125) (bad shinespark),1
m,missile (59) (130),1
m,missile (6) (15) (boost ball),1
m,missile (61) (135),1
m,missile (63) (140),1
m,missile (64) (145),1
m,missile (66) (150),1
m,missile (68) (155) (right pit),1
m,missile (7) (20),1
m,missile (73) (160) (left pit),1
m,missile (76) (165),1
m,missile (77) (170),1
m,missile (80) (175) (go back up),1
m,missile (84) (180),1
m,missile (86) (185),1
m,missile (87) (190),1
m,missile (89) (195),1
m,missile (90) (200),1
m,missile (92) (205),1
m,missile (94) (210),1
m,missile (95) (215),1
m,missile (96) (220),1
m,missile (98) (225),1
m,"missile (aqueduct), top right pipes of aqueduct",1
m,missile (before phanny left in wrecked ship),1
m,missile (behind any % pbs),1
m,missile (below 3 musketeers),1
m,missile (below old mother brain tank),1
m,missile (below the bridge,1
m,"missile (bubble mountain), bottom right corner of bubble mountain",1
m,missile (dont forget these!),1
m,"missile (east sand hole), drop down through the right sand pit",1
m,"missile (final), first left parlor door after climb",1
m,missile (golden torizo) - watch out for that floor too,1
m,missile (hidden behind kpdr any% power bomb),1
m,missile (hidden in ceiling right before speed booster door),1
m,missile (hidden in ground maze to the left),1
m,missile (hidden in highest point of the mountain to the left),1
m,missile (hidden in right side of maridian beach),1
m,missile (hidden inside the sphere closest to the previous reserve tank),1
m,"missile (hidden left of ""three muskateers"")",1
m,missile (hidden to the left of the main wrecked shift shaft),1
m,missile (in center cathedral lava pit),1
m,missile (indiana jones),1
m,"missile (left over in kraid's lair, accessed with a power bomb)",1
m,missile (pb on the way down),1
m,missile (power bomb corner),1
m,missile (right above bot hidden wall),1
m,missile (right attic),1
m,missile (same location as above),1
m,missile (sea horse room up ball after),1
m,"missile (spark up, 2 in this room!)",1
m,missile (super gate),1
m,missile (to the right of the above location),1
m,missile (top left green door in bubble mountain),1
m,missile (up first right room),1
m,missile (wave),1
m,"missile (west sand hole), same location as above",1
m,missile 1,1
m,missile 2,1
m,missile behind pbs,1
m,missile beneath bubble reserve,1
m,missile hjb,1
m,missile next to it,1
m,missile while power off,1
m,"missile x2 (above the above location, up the shaft and past the invisible bridge with the falling boulders)",1
m,missile x2 (crumble shaft after gauntlet),1
m,missile x2 (to the right of early supers),1
m,missiles (billy mays),1
m,missiles (cathedral),1
m,missiles (crumble shaft),1
m,missiles (final item),1
m,missiles (frankerz),1
m,missiles (golden torizo),1
m,missiles (hi-jump),1
m,missiles (kraid),1
m,missiles (mb weed stash),1
m,missiles (mickey mouse),1
m,missiles (moat),1
m,missiles (sandpit),1
m,missiles (stop you will regret if you don't),1
m,missiles (worst room),1
m,missiles (wrekt ship),1
m,missiles above charge beam,1
m,missiles after attic,1
m,missiles of shame,1
m,"moat missiles (spark, you noob)",1
m,mockball missiles,1
m,mockball super,1
m,mockball super missile,1
m,morph ball (1),1
m,morph ball (3987),1
m,morph ball (4288),1
m,morph ball (4373),1
m,morph ball (4518),1
m,morph ball room power bombs,1
m,morph bomb (3),1
m,morphine ball,1
m,mother board 1,1
m,mother board 2,1
m,mother board 3,1
m,mother brain dead,1
m,mother brain exposed,1
m,mother brain missile,1
m,mother brain missles,1
m,mother brain room,1
m,mother brain save room,1
m,mother nrain,1
m,mountain missiles,1
m,mr. brain mouth,1
n,norfair reserve,19
n,norfair,16
n,nofair clean,9
n,no more water plz,8
n,norfair reserve tank,6
n,not baby skip,6
n,nice 99% !!!,5
n,no farm fake kraid tank,5
n,new record!,4
n,norfair reserve+missile,4
n,nofair clean up,3
n,noob bridge,3
n,norfair 2 (et),3
n,norfair complete,3
n,now we're talking,3
n,norfair ele,2
n,norfair elevator,2
n,norfair reserve missiles,2
n,northwest maridia bug room,2
n,not stolen from oats,2
n,nasty boy,1
n,nice 99%,1
n,norfair cleanup,1
n,norfair done,1
n,norfair finished,1
n,norfair first visit,1
n,norfair reserve missile,1
n,norfair reserve tank room,1
o,ocean missiles,15
o,old mb missiles,13
o,otw to kraid,12
o,ocean cubby missiles,11
o,old mother brain tank,11
o,ocean land,8
o,ocean sky,8
o,old mb,8
o,old mother brain missiles,8
o,old mother missiles,7
o,other ln pbs,7
o,ocean missile,6
o,orange,6
o,old mb missiles (#45),4
o,old mother brain missile,4
o,oasis supers,3
o,oasis,2
o,ocean bottom,2
o,omg where's the baby!?,2
o,op,2
o,ocean bottom missiles,1
o,ocean floor,1
o,ocean land missile,1
o,ocean land missiles,1
o,ocean sky missile,1
o,ocean sky missiles,1
o,ocean underwater missile,1
o,ocean underwater missiles,1
o,old mb missiles (spark the elevator),1
o,old mb tank missiles,1
o,out of blue,1
o,outran the lava,1
p,phantoon,294
p,plasma beam,271
p,plasma,70
p,power bombs,25
p,prologue,24
p,power bomb (alpha),23
p,power bomb (beta),22
p,power bomb of shame,22
p,power bomb (etecoon),20
p,power bomb (red door directly left after crocomire),20
p,power bomb (after pipe maze),19
p,power bomb (crateria),19
p,power bomb (east sand hole),19
p,power bomb (hidden behind/below),19
p,power bomb (retro brinstar),19
p,pipe maze missiles,15
p,power bombs of shame,14
p,power bomb,13
p,power bomb missiles,13
p,parlor missiles,12
p,pink clean up,12
p,pipe maze power bombs,12
p,post-croc missiles,12
p,precious room missiles,12
p,pink brinstar missiles,11
p,pink brinstar pbs,11
p,precious,10
p,power bomb (1),9
p,power bomb (2),9
p,power bomb (3) above ship,9
p,power bomb (4),9
p,power bomb (5) left,9
p,power bomb (6),9
p,power bomb (7) left of statues,9
p,power bomb (8) back to brin,9
p,power bomb (8) break the stuff,9
p,power bomb (9) left of gap,9
p,p-bomb #3,8
p,pb's of shame,8
p,p-bomb #2,7
p,p-bomb #4,7
p,p-bomb #5,7
p,p-bomb #6,7
p,p-bomb #9,7
p,parlor,7
p,phantoom,7
p,pink pbs,7
p,phantoon ded,6
p,pipe sparks missiles,6
p,plasma (up green tube and down cac alley),6
p,purple,6
p,phantoon dead,5
p,precious missile,5
p,pb of shame,4
p,pbs,4
p,pre-jail missiles,4
p,pre-norfair reserve missile,4
p,p-bomb #10,3
p,p-bomb #7,3
p,p-bomb #8,3
p,pancake super/missile,3
p,phan (f/s),3
p,phantoon defeated,3
p,pit room,3
p,pit room elevator,3
p,plasma spark room,3
p,post crocomire farming room,3
p,post crocomire shaft,3
p,power bomb crateria,3
p,power bomb etecoon,3
p,power bombs (right sandpit),3
p,pseudo plasma spark room,3
p,p.b.o.s.,2
p,pants room,2
p,pb:maridia,2
p,pbs of shame,2
p,phantoon supries,2
p,pink brin cleanup,2
p,pink brinstar etank,2
p,pink brinstar hopper room,2
p,pipe missile,2
p,pit missiles,2
p,plasma tutorial room,2
p,plowerhouse room,2
p,plz turn around!!!,2
p,post crocomire jump room,2
p,powerbombs,2
p,precious missiles,2
p,precious monument,2
p,purple gamma-rays,2
p,p-bomb #6 (impossible),1
p,p-bomb (any % pbs),1
p,p-bomb (sea horse room),1
p,p.beam,1
p,parlor shaft missles,1
p,pb above ship (diagonal spark),1
p,pb.10,1
p,pb.15,1
p,pb.20,1
p,pb.25,1
p,pb.30 - mission impossible,1
p,pb.35,1
p,pb.40,1
p,pb.45,1
p,pb.5,1
p,pb.50,1
p,peebs,1
p,personal best,1
p,phamtom,1
p,phantoon (2/4),1
p,phantoon enter,1
p,phantoon's room,1
p,phantoony,1
p,phanty,1
p,pillar room,1
p,pink brin grapple,1
p,pink brin under charge,1
p,pink brin wave gate,1
p,pink brinstar cleanup,1
p,pink brinstar e-tank,1
p,pink brinstar power bomb room,1
p,pink e-tank,1
p,pipe broken,1
p,pipe maze pbs,1
p,pipe maze power bomb,1
p,pipe missiles,1
p,plasma beam (71) (4/5),1
p,plasma beam (up tube then cac alley after),1
p,plasma room,1
p,post crocomire missile room,1
p,post crocomire missiles,1
p,post crocomire power bomb room,1
p,"power bomb (alpha), the any% pack",1
p,power bomb (below the door after pipe maze),1
p,"power bomb (beta), green door left of elevator, hidden underneath the destructible floor",1
p,"power bomb (crateria), top right of landing site",1
p,power bomb (croc),1
p,"power bomb (east sand hole), same location as above",1
p,power bomb (etecoons),1
p,power bomb (hidden behind/below the above item's location),1
p,power bomb (landing site),1
p,power bomb (maze),1
p,power bomb (quick-drop),1
p,"power bomb (retro brinstar, above green hill)",1
p,power bomb (retro),1
p,power bomb (sandpit),1
p,power bomb (shame),1
p,power bomb gauntlet,1
p,power bomb wall jumping,1
p,power bombs (23) (5) (shinespark),1
p,power bombs (30) (10),1
p,power bombs (31) (15),1
p,power bombs (44) (20),1
p,power bombs (50) (25),1
p,power bombs (52) (30),1
p,power bombs (69) (35),1
p,power bombs (81) (40),1
p,power bombs (85) (45),1
p,power bombs (93) (50),1
p,pre g missile,1
p,pre-draygon missile,1
p,pre-phantoon missiles,1
p,pseudo plasma missiles,1
p,ptsd,1
p,purp's suit,1
q,quicksand reserve,23
q,quicksand rt,8
q,quad gees,2
r,ridley e-tank,143
r,ridley,142
r,ridley's e-tank,115
r,reserve tank,39
r,ridley tank,29
r,reserve tank (gravity suit),22
r,reserve tank (in the hands of the chozo),20
r,reserve tank (hidden path),19
r,reserve tank (west sand hole),19
r,retro pbs,17
r,right sand missiles,16
r,reserve,14
r,ridley [e],14
r,rta end,14
r,ridly,13
r,right sand power bombs,12
r,r tank west sand hole,11
r,retro brinstar above green hill,11
r,right attic missile,11
r,right of tas tank,11
r,right side maridia beach,11
r,reserve tank (1),9
r,reserve tank (2),9
r,reserve tank (3),9
r,reserve tank (4) left through hole,9
r,ripley fly away,9
r,robot missile,9
r,r sand missile,8
r,r sand pb,8
r,reserve missile,8
r,right sand pbs,7
r,right side bubble missiles,7
r,red tower,6
r,riddles etank,6
r,ridley e tank,6
r,right-side supes,6
r,ripley ded,6
r,reserve #2,5
r,ridley e,5
r,ridley e-tank (#12),5
r,ridleys scran,5
r,r. sand p-bombs (#7),4
r,red keyhunter shaft,4
r,red tower pb,4
r,retro brinstar e-tank,4
r,ridley (energy),4
r,ridley etank,4
r,ridley p-bombs (#8),4
r,ridley pbs,4
r,right sand hole,4
r,right sand missiles (#30),4
r,r. sand pbs,3
r,reserve 2,3
r,reserve tank #2,3
r,reserve tank #3,3
r,reserve tank #4,3
r,reserves 1,3
r,ridley defeated,3
r,ridley's etank,3
r,ridry energy tank,3
r,rock&morph baby !,3
r,rõntgen,3
r,r (behind missile),2
r,r (chozo),2
r,r (gravity),2
r,r (sand hole),2
r,really weed,2
r,red brinstar fireflea room,2
r,red keyhunter shaft save room,2
r,retro brin cleanup,2
r,retro brinstar missiles,2
r,retro tank,2
r,riddles,2
r,ridley dead,2
r,ridley energy tank,2
r,ridley's room,2
r,right of attic missile,2
r,right-side supers,2
r,rinka shaft,2
r,ripley e-tank (#12),2
r,rodney e,2
r,r. sand p-bombs (far right sand exit),1
r,rainbow,1
r,reach the baby,1
r,red pirate shaft,1
r,red suit,1
r,red tower pbs,1
r,refil,1
r,reserve #3,1
r,reserve #4,1
r,reserve tank (41) (2/4),1
r,reserve tank (74) (3/4),1
r,reserve tank (8) (1/4),1
r,reserve tank (88) (4/4),1
r,reserve tank (bubble),1
r,reserve tank (sandpit),1
r,reserve tank (through a hidden path to the left of the previous missile),1
r,"reserve tank (west sand hole), drop down through the left sand pit this time",1
r,retail missiles,1
r,retro binstar tank,1
r,retro birn missiles,1
r,retro brin e-tank,1
r,retro brin power bombs,1
r,retro brinstar cleanup (split at parlor shaft missile),1
r,retro brinstar energy tank,1
r,retro brinstar missile,1
r,retro brinstar pb,1
r,retro brinstar pbs,1
r,retro pb,1
r,retro power bomb,1
r,ridler,1
r,ridley (4/4),1
r,ridley scott,1
r,ridley start,1
r,ridley tank room,1
r,ridley's et,1
r,right gauntlet missiles,1
r,right sand missiles (first sand bottom)),1
r,right sand pit missile,1
r,right sand pit pb,1
r,rildey,1
r,rip croc,1
r,rising tide,1
r,rodney,1
r,ron popeil 1,1
r,ron popeil 2,1
r,ron popeil missiles,1
r,rridlt,1
r,rs beach missiles,1
r,rt.1,1
r,rt.2,1
r,rt.3,1
r,rt.4,1
r,run 5-2.,1
r,run faster,1
s,space jump,411
s,screw attack,360
s,speed booster,262
s,spring ball,257
s,spazer,203
s,ss supers,71
s,speed,42
s,screw,39
s,super missiles,36
s,ship,31
s,springball,27
s,space,22
s,spore spawn,21
s,speed missiles,20
s,spore spawn supers,20
s,super missile (golden torizo),20
s,super missile (spore spawn),20
s,super missile (wrecked ship west),20
s,supers,20
s,super metroid,19
s,super missile (aqueduct),19
s,super missile (choot sand pit),19
s,super missile (crateria),19
s,super missile (etecoon),19
s,super missile (main street),19
s,super missile (wrecked ship east),19
s,shame,16
s,speed booster missiles,16
s,spore supers,16
s,sidehopper e-tank,13
s,second reserve missile,12
s,"seriously, don't mess up",11
s,short spark maridia missile,11
s,shoulder spark bombs,11
s,space yump,11
s,statue water tank,11
s,swiss family robinson,11
s,sky missiles,9
s,speed missile,9
s,station escape,9
s,super missile (10) right climb,9
s,super missile (2),9
s,super missile (3),9
s,super missile (4) way down green,9
s,super missile (5),9
s,super missile (6) hidden left,9
s,super missile (7) right by it,9
s,super missile (8),9
s,super missile (9),9
s,super missiles (1),9
s,see you zebes !,8
s,spooky,8
s,spospo supes,8
s,stop with your tail bro !,8
s,supers room,8
s,sign missiles,7
s,something something animals,7
s,super #2,7
s,super #3,7
s,super #4,7
s,super #7,7
s,super missile,7
s,supers left,7
s,supers right,7
s,spazer beam,6
s,speed boost,6
s,spore who???,6
s,sporespawn supers,6
s,stastion,6
s,snakeyboi,5
s,space colony exit,5
s,spaceship end,5
s,sparkmissles,5
s,sand pit missile+super,4
s,shame pb,4
s,speed booster missile,4
s,speed boots,4
s,spiky room missile,4
s,spore supers (#5),4
s,spring maze missile,4
s,spring maze pb,4
s,statues,4
s,super,4
s,supers (aqueduct),4
s,screw  attack,3
s,see you next mission,3
s,ship clean up,3
s,sidehopper pbs,3
s,single chamber,3
s,single parent,3
s,sirens,3
s,snake win,3
s,snek beam,3
s,spaser ,3
s,speedbooster,3
s,spike e tank,3
s,spiky room of death,3
s,spin,3
s,sponge bath,3
s,spring,3
s,"stand by, ion control",3
s,star sip in,3
s,station,3
s,sub-zero,3
s,super #10,3
s,super #5,3
s,super #6,3
s,super #8,3
s,super #9,3
s,super 2-3,3
s,screw you,2
s,"screw, ridley",2
s,seaweed room,2
s,self-destruction in t-180s,2
s,shaktool room,2
s,shinespark supers,2
s,shiny hookshot,2
s,situation,2
s,so anyway....,2
s,"spazer, varia",2
s,speed booster hall,2
s,spiky death room,2
s,spineshark,2
s,spo spo skip,2
s,spore spawn farming room,2
s,spring ball maze missiles,2
s,"spring ball, plasma, maridia done, ln",2
s,station ,2
s,statue,2
s,super missile (crab supers),2
s,safety save,1
s,saved the animals,1
s,scope,1
s,screw attack (79),1
s,screw attack (so op...),1
s,screw attack room,1
s,shaktool cleared the way,1
s,shaktool prize,1
s,shine supers,1
s,ship entry,1
s,sidehopper powerbomb,1
s,sky missile,1
s,sl.g4,1
s,sl.mb1,1
s,sl.mb2,1
s,sl.mb3,1
s,slimfast,1
s,sm.10,1
s,sm.15,1
s,sm.20,1
s,sm.25,1
s,sm.30,1
s,sm.35,1
s,sm.40,1
s,sm.45,1
s,sm.5,1
s,sm.50,1
s,spaaaace!,1
s,space dragon dead,1
s,space jam,1
s,space jump (65),1
s,space jump room,1
s,spacer,1
s,spazer room,1
s,spazzer (11) (2/5),1
s,speed boost missile,1
s,speed booster room,1
s,speed boosters (21),1
s,speedboost in brinster,1
s,speedbooster missile,1
s,spike e-tank,1
s,spikhed,1
s,spiky acid snakes room,1
s,sponge bath e-tank,1
s,spore spawn is irrelevant,1
s,spore spawn sm,1
s,spore spawn super room,1
s,spore supers (small cake pop mid),1
s,spospo,1
s,spring ball (70),1
s,spring ball maze pb's,1
s,spring ball room,1
s,spring bawl,1
s,springball maze missiles,1
s,springball maze pb + missile,1
s,springball maze pbs,1
s,squat's,1
s,statue room,1
s,statues hallway,1
s,statues room,1
s,super #7 (left above botwoon),1
s,super (any %),1
s,super (go right after phanny),1
s,super crabs,1
s,super missile (34) (10) (left),1
s,super missile (35) (15) (right),1
s,super missile (49) (20),1
s,super missile (53) (25),1
s,super missile (60) (30),1
s,super missile (62) (35),1
s,super missile (67) (40),1
s,super missile (78) (45),1
s,super missile (9) (5),1
s,super missile (99) (50),1
s,"super missile (aqueduct), same location as above",1
s,"super missile (crateria), hidden right of climb - bomb first platform on right side and shinespark up shaft",1
s,"super missile (etecoon), green door to the left",1
s,super missile (hidden in sand pit below a choot),1
s,"super missile (main street), ""crab supers""",1
s,"super missile (wrecked ship east), past the robots",1
s,super missile east,1
s,super missile west,1
s,super missle,1
s,super nearby,1
s,super the block (up the way you came after'),1
s,supers ,1
s,supers (boyons),1
s,supers (crab),1
s,supers (dead-end),1
s,supers (early),1
s,supers (right-side),1
s,swimsuit,1
t,turtle e-tank,113
t,torizo,25
t,top left of bubble mountain,22
t,terminator e-tank,19
t,tourian,18
t,turtle missiles,15
t,terminator tank,14
t,three musketeers missiles,12
t,top left bubble mountain missile,12
t,tas tank,11
t,the final missile (left parlor),11
t,through pipe maze,11
t,tiny platform on climb (spark),11
t,terminator,10
t,taste the rainbow,9
t,tacos,8
t,terminator e,8
t,tube pbs,7
t,turtle [etank] and wall missiles,6
t,the moat,5
t,tourian entrance,5
t,turtle e-tank (#10),5
t,taco,4
t,the baby,4
t,total rta,4
t,tube missiles (#24),4
t,turtle missiles (#26),4
t,the bitches i killed,3
t,thermos,3
t,tourian in,3
t,tourian start,3
t,tube missiles,3
t,turtle missile,3
t,turtle tank,3
t,tentacle monster,2
t,terminator e tank,2
t,terminator room,2
t,"that makes 100, right?",2
t,the precious room,2
t,the worst room in the game,2
t,there is no tube,2
t,this crab...,2
t,thread the needle room,2
t,time,2
t,tnt-bubbles,2
t,tourian first room,2
t,turtle e tank,2
t,tank destroyed,1
t,tank missile,1
t,terminator energy tank,1
t,that's all folks,1
t,the climb supers,1
t,the final missile,1
t,the last missile,1
t,the next power bomb,1
t,three musketeers' room,1
t,ticklebeam,1
t,time bomb set,1
t,time to go fast,1
t,timeloss,1
t,toilet,1
t,touch ship,1
t,tourian elevator,1
t,tourian entrance opened,1
t,tourian escape room 1,1
t,tourian escape room 2,1
t,tourian escape room 3,1
t,tourian escape room 4,1
t,tourian eye door room,1
t,tourian recharge station,1
t,tourian save room,1
t,tr landing site pbs,1
t,tripper missiles,1
t,ttank,1
t,tube missiles (green hills),1
t,turtle,1
t,turtle missiles (right wall),1
u,under charge beam tank,11
u,underwater missile,9
u,use the power bomb,9
u,under bridge,8
u,under mountain missile,8
u,under ocean missile,8
u,underwater missile (#19),5
u,upper norfair,4
u,upper norfair cleanup,2
u,upper norfair cleanup (split at 3 muskateers),2
u,upper norfair farming room,2
u,under the bridge missiles,1
u,upper bubble mountain missiles,1
v,varia suit,259
v,varia,154
v,"varia, etank",6
v,vegan burger,3
v,v-suit,1
v,varia suit (12) (1/2),1
v,varia suit room,1
v,variable suit,1
v,victory,1
w,wave beam,252
w,watering hole supers,59
w,ws e-tank,33
w,wave,30
w,waterway,28
w,wave missiles,20
w,watering hole missiles,19
w,ws reserve,18
w,waterway e-tank,16
w,waterway [e],14
w,wave beam missiles,13
w,west sand hole missiles,13
w,west ocean missile,12
w,wrecked ship e-tank,12
w,wrecked ship left missiles,12
w,wrecked ship left supers,12
w,wrecked ship right supers,12
w,waterway e,11
w,wave gate e,11
w,worst missiles in the game,11
w,wrecked ship east (bomb it),11
w,wrecked ship west,11
w,ws etank,11
w,ws tank,11
w,wave missile,10
w,wrecked ship main shaft,10
w,wall jump power bomb - brinstar,9
w,warehouse entrance,9
w,ws reserve missile,9
w,water girl ...,8
w,wave gate,8
w,west wrecked ship supers,8
w,warehouse pbs,7
w,waterway etank,7
w,west ws supers,7
w,writg,7
w,ws [e],7
w,ws [e},7
w,water,6
w,waterway e tank,6
w,west tunnel,6
w,warehouse zeela room,5
w,wrecked ship reserve,5
w,wall missles,4
w,warehouse,4
w,west ocean,4
w,west sand reserve+missile,4
w,wrecked ship and crateria,4
w,wrecked ship e,4
w,wrecked ship east super,4
w,wrecked ship save room,4
w,wrecked ship west super,4
w,wait me...!,3
w,wallhack,3
w,warehouse keyhunter room,3
w,wave ,3
w,west missiles,3
w,west sand hall,3
w,wreck ship (grav),3
w,wrecked ship 1st missles,3
w,wrecked ship entrance,3
w,wrecked ship west supers,3
w,wrecked sip in,3
w,ws east supers,3
w,ws missiles 1,3
w,ws off missile,3
w,ws west supers,3
w,walking underwater,2
w,walljump tutorial,2
w,wasteland,2
w,water e-tank,2
w,water jump e-tank,2
w,wave gate e-tank,2
w,west sand missiles,2
w,west sand reserve,2
w,wr,2
w,wr pre-game,2
w,wrecked ship,2
w,wrecked ship energy tank,2
w,"ws done, brinstar i, maridia tube",2
w,ws hidden missiles,2
w,ws reserve tank,2
w,w sand hole missiles,1
w,w sand hole reserve,1
w,walljump power,1
w,walljump super,1
w,walljump tutorial energy,1
w,warehouse energy tank room,1
w,water level,1
w,watering hold missiles,1
w,watering hole,1
w,waterway energy tank,1
w,waterway energy tank room,1
w,waterway tank,1
w,wave beam (19) (3/5),1
w,wave beam room,1
w,wave check,1
w,wave gate etank,1
w,wave gate tank,1
w,west ocean maze missiles,1
w,west ocean water missiles,1
w,west sand 1,1
w,west sand 2,1
w,west sand hole,1
w,west sand hole pitfall,1
w,west sand hole reserve,1
w,west sand missles,1
w,west super,1
w,wheeeee,1
w,woke up zebes,1
w,wrecked ship 1st supers,1
w,wrecked ship east,1
w,wrecked ship east missile room,1
w,wrecked ship east super room,1
w,wrecked ship east supers,1
w,wrecked ship energy tank room,1
w,wrecked ship main shaft missiles,1
w,wrecked ship reserve tank,1
w,wrecked ship shaft missile,1
w,wrecked ship west super room,1
w,wrecked time,1
w,ws attic missiles,1
w,ws left missile,1
w,ws left sm,1
w,ws left supers,1
w,ws main shaft missiles,1
w,ws reserve missiles,1
w,ws right sm,1
w,ws right supers,1
w,ws super,1
w,ws west missiles,1
x,x-ray,203
x,x-ray scope,115
x,x-ray visor,18
x,xray,10
x,x ray,8
x,x3 beam damage,8
x,x-ray (frogway...crickets?),1
x,x-ray scope (91),1
x,x-ray scope room,1
x,xｰray scope,1
y,you're (not) too slow !,8
y,yargh*pogo*yargh,3
z,zebes escape,14
z,zebetite destroyed,4
¯,¯\_(ツ)_/¯,16
