starts_with,label,n,supermetroid_label
s,space jump,411,space jump
s,screw attack,360,screw attack
b,b.o.m.b.,1,bombs
g,gravity suit,326,gravity suit
p,phantoon,294,phantoon
p,plasma beam,271,plasma beam
s,speed booster,262,speed booster
v,varia suit,259,varia suit
s,spring ball,257,spring ball
w,wave beam,252,wave beam
i,ice beam,248,ice beam
c,charge beam,231,charge beam
g,grapple beam,207,grapple beam
s,spazer,203,spazer
x,x-ray,203,x-ray
g,golden 4,154,golden 4
v,varia,154,varia suit
m,morph ball,153,morph ball
r,ridley e-tank,143,NA
r,ridley,142,ridley
g,g4,119,golden 4
r,ridley's e-tank,115,NA
x,x-ray scope,115,x-ray
b,baby,1,NA
t,turtle e-tank,113,NA
g,grapple,112,grapple beam
g,golden four,105,NA
g,gravity,105,NA
e,escape!,96,NA
k,kraid,94,kraid
m,mother brain,93,mother brain
d,draygon,91,draygon
e,escape,91,NA
k,kraid missiles,84,NA
h,hi-jump boots,82,hi-jump boots
c,crocomire,72,crocomire
g,grappling beam,72,grapple beam
b,baby kraid room,2,NA
s,ss supers,71,spore spawn supers
a,a power bombs,2,NA
p,plasma,70,plasma beam
c,crab supers,66,NA
i,ice,63,ice beam
b,baby metroid room,12,NA
e,early supers,59,first supers
w,watering hole supers,59,NA
g,golden torizo,57,NA
g,green hill missiles,57,NA
k,kraid e-tank,56,NA
e,etecoon supers,53,NA
b,baby metroid's room,1,NA
d,done,49,NA
c,charge,47,NA
m,main street,47,NA
c,cathedral missiles,45,NA
b,back to brinstar,12,NA
s,speed,42,speed booster
m,missile,40,NA
a,a. sand supers (#8),4,NA
e,end,39,NA
r,reserve tank,39,NA
s,screw,39,screw attack
m,missile (to the right),38,NA
a,a. sand supers jump!,1,NA
m,mb1,37,NA
e,end me,36,NA
e,etecoon pb,36,NA
e,etecoon pbs,36,NA
m,mother fucking brain,36,NA
s,super missiles,36,NA
k,kraid missile,34,NA
w,ws e-tank,33,NA
c,climb supers,31,NA
s,ship,31,NA
g,gt supers,30,NA
m,mb2,30,NA
w,wave,30,wave beam
c,ceres escape,29,NA
m,maridia reserve,29,NA
m,mickey mouse missiles,29,NA
m,moat missiles,29,NA
r,ridley tank,29,NA
c,charge missiles,28,NA
e,enter tourian,28,NA
g,gt missiles,28,NA
h,high jump,28,hi-jump boots
m,mother brain 2,28,NA
w,waterway,28,NA
g,gauntlet e-tank,27,NA
s,springball,27,spring ball
c,crumble shaft missiles,25,NA
p,power bombs,25,NA
t,torizo,25,NA
9,99%,24,NA
e,enter ridley's chamber,24,NA
f,final escape,24,NA
h,hjb missiles,24,NA
k,kraid tank,24,NA
p,prologue,24,NA
c,crateria pbs,23,NA
c,croc escape missiles,23,NA
e,east sand hole,23,NA
p,power bomb (alpha),23,NA
q,quicksand reserve,23,NA
b,back to crateria,13,NA
c,ceres,22,NA
d,draygon missiles,22,NA
l,left of beach in pit,22,NA
m,mb3,22,NA
m,missile (wave beam),22,NA
p,power bomb (beta),22,NA
p,power bomb of shame,22,NA
r,reserve tank (gravity suit),22,NA
s,space,22,space jump
t,top left of bubble mountain,22,NA
NA,NA,21,NA
c,croc tank,21,NA
e,energy tank (mama turtle),21,NA
e,energy tank (ridley),21,NA
e,etecoon power bomb,21,NA
f,first missile,21,NA
f,first missiles,21,NA
g,grapple missiles,21,NA
h,hjb tank,21,NA
l,left ship supers,21,NA
m,morph,21,morph ball
s,spore spawn,21,NA
a,a700,1,NA
b,back to norfair,12,NA
e,early super missile,20,first supers
e,energy tank (botwoon),20,NA
e,energy tank (crocomire),20,NA
e,energy tank (gauntlet),20,NA
e,energy tank (hi-jump boots),20,NA
e,energy tank (kraid),20,NA
e,energy tank (terminator),20,NA
g,gauntlet tank,20,NA
m,main street missiles,20,NA
m,missile (awakening),20,NA
m,missile (behind the grapple blocks),20,NA
m,missile (bottom left of ocean),20,NA
m,missile (charge beam),20,NA
m,missile (draygon),20,NA
m,missile (grappling beam),20,NA
m,missile (gravity suit),20,NA
m,missile (green hill pipe),20,NA
m,missile (hi-jump boots),20,NA
m,missile (in front of pipe maze),20,NA
m,missile (lava tide),20,NA
m,missile (main street),20,NA
m,missile (mama turtle),20,NA
m,missile (mickey mouse),20,NA
m,missile (moat),20,NA
m,missile (next to green gate),20,NA
m,missile (right of attic),20,NA
p,power bomb (etecoon),20,NA
p,power bomb (red door directly left after crocomire),20,NA
r,reserve tank (in the hands of the chozo),20,NA
s,speed missiles,20,NA
s,spore spawn supers,20,spore spawn supers
s,super missile (golden torizo),20,NA
s,super missile (spore spawn),20,NA
s,super missile (wrecked ship west),20,NA
s,supers,20,NA
w,wave missiles,20,NA
a,above sand missiles (#31),4,NA
e,energy tank (behind sidehoppers),19,NA
e,energy tank (charge beam),19,NA
e,energy tank (construction zone),19,NA
e,energy tank (etecoon),19,NA
e,energy tank (fireflea room),19,NA
e,energy tank (statue above water),19,NA
g,gold torizo,19,NA
l,left sand missiles,19,NA
m,mama turtle tank,19,NA
m,missile (aqueduct),19,NA
m,missile (below the bridge),19,NA
m,missile (billy mays),19,NA
m,missile (bottom of bubble mountain),19,NA
m,missile (choot sand pit),19,NA
m,missile (east sand hole),19,NA
m,missile (final),19,NA
m,missile (geemer shaft),19,NA
m,missile (golden torizo),19,NA
m,missile (ground maze),19,NA
m,missile (hidden in ceiling),19,NA
m,missile (hidden to the left),19,NA
m,missile (highest point),19,NA
m,missile (in center cathedral),19,NA
m,missile (john cena),19,NA
m,missile (kpdr any% power bomb),19,NA
m,missile (kraid's lair),19,NA
m,missile (old mother brain tank),19,NA
m,missile (right side of maridian beach),19,NA
m,missile (sphere),19,NA
m,missile (three musketeers),19,NA
m,missile (top of bubble mountain),19,NA
m,missile (west sand hole),19,NA
m,missile x2,19,NA
m,missile x2 (crumble shaft),19,NA
n,norfair reserve,19,NA
p,power bomb (after pipe maze),19,NA
p,power bomb (crateria),19,NA
p,power bomb (east sand hole),19,NA
p,power bomb (hidden behind/below),19,NA
p,power bomb (retro brinstar),19,NA
r,reserve tank (hidden path),19,NA
r,reserve tank (west sand hole),19,NA
s,super metroid,19,NA
s,super missile (aqueduct),19,NA
s,super missile (choot sand pit),19,NA
s,super missile (crateria),19,NA
s,super missile (etecoon),19,NA
s,super missile (main street),19,NA
s,super missile (wrecked ship east),19,NA
t,terminator e-tank,19,NA
w,watering hole missiles,19,NA
b,backtrack missile,2,NA
b,bad guy,1,NA
d,dray-gone,18,draygon
l,leave norfair,18,NA
t,tourian,18,NA
w,ws reserve,18,NA
x,x-ray visor,18,x-ray
a,above sand missiles (spark jump next!),1,NA
f,final missiles,17,NA
f,fireflea e-tank,17,NA
m,mountain missile,17,NA
r,retro pbs,17,NA
a,above sand supers,3,NA
a,ac suit,2,NA
b,ball,12,morph ball
b,ball o' death,1,NA
b,barrier suit,3,NA
b,basement,2,NA
c,charge e-tank,16,NA
c,croc [e],16,crocomire
m,mama turtle missile,16,NA
m,missile #2,16,NA
m,morphing ball,16,morph ball
n,norfair,16,NA
r,right sand missiles,16,NA
s,shame,16,NA
s,speed booster missiles,16,NA
s,spore supers,16,spore spawn supers
w,waterway e-tank,16,NA
¯,¯\_(ツ)_/¯,16,NA
c,croc escape missile,15,NA
c,crocomire power bombs,15,NA
i,in there,15,NA
j,jail pbs,15,NA
m,maze missile,15,NA
m,mb dead,15,NA
m,missile  (crumble shaft),15,NA
o,ocean missiles,15,NA
p,pipe maze missiles,15,NA
t,turtle missiles,15,NA
b,bat cave,2,NA
b,bat room,6,NA
c,crateria elevator,14,NA
c,crocomire e-tank,14,NA
e,escape climb,14,NA
e,etecoon e-tank,14,NA
e,etecoons pb,14,NA
g,grapple missile,14,NA
g,gravity missiles,14,NA
g,gravity reserve,14,NA
g,gt missile,14,NA
h,hi jump boots,14,hi-jump boots
l,landing site power bomb,14,NA
l,last item or rip?,14,NA
l,lava tide,14,NA
l,lower norfair elevator,14,NA
p,power bombs of shame,14,NA
r,reserve,14,NA
r,ridley [e],14,NA
r,rta end,14,NA
t,terminator tank,14,NA
w,waterway [e],14,NA
z,zebes escape,14,escape
a,acid snakes recharge station,1,NA
b,batman hook,3,NA
b,beach missile,10,NA
b,beach missiles,11,NA
b,beach sm & missile,1,NA
b,beach super,6,NA
b,beach super and missile,2,NA
c,cathedral,13,NA
c,charge beam missiles,13,NA
c,crateria supers,13,NA
e,enter gt room,13,NA
e,enter wrecked ship,13,NA
g,green hill pipe,13,NA
h,hi-jump e-tank,13,NA
h,hi-jump missiles,13,NA
o,old mb missiles,13,NA
p,power bomb,13,NA
p,power bomb missiles,13,NA
r,ridly,13,ridley
s,sidehopper e-tank,13,NA
w,wave beam missiles,13,NA
w,west sand hole missiles,13,NA
a,acid snakes tunnel,3,NA
b,beach supers,1,NA
b,beach supers (after),7,NA
b,beach supers & missiles,1,NA
b,beby event start,3,NA
b,beetoms are butt e tank,1,NA
b,behind any% power bomb,1,NA
b,below botwoon energy tank,2,NA
b,below early super missile,1,NA
b,below early super missiles,1,NA
b,below ice beam missiles,1,NA
b,below ice missiles (+ kraid missiles),1,NA
c,caterpillar pbs,12,NA
c,cathedral lava pit,12,NA
c,charge missile,12,NA
c,cliff missile,12,NA
c,crocomire dead,12,crocomire
d,defeat kraid,12,kraid
e,early spazer,12,spazer
e,enter botwoon's room,12,NA
e,enter crocomire's chamber,12,NA
e,enter draygon's chamber,12,NA
e,enter kraid's chamber,12,NA
e,enter phantoon's chamber,12,NA
e,etecoon super,12,NA
e,"everest, then up-right to missiles",12,NA
e,exit lower norfair,12,NA
f,final trip to crateria,12,NA
f,finish ridley,12,ridley
f,first reserve missile,12,NA
g,gauntlet missile #1,12,NA
g,gauntlet missile #2,12,NA
g,golden torizo supers,12,NA
g,green brinstar,12,NA
g,green gate missiles,12,NA
g,ground maze missile,12,NA
g,gtfo,12,NA
i,igt end,12,NA
l,lower bubble mountain missile,12,NA
m,main street spark missiles,12,NA
m,missiles right of attic,12,NA
m,morph bombs,12,NA
m,mother brain's room,12,NA
o,otw to kraid,12,NA
p,parlor missiles,12,NA
p,pink clean up,12,NA
p,pipe maze power bombs,12,NA
p,post-croc missiles,12,NA
p,precious room missiles,12,NA
r,right sand power bombs,12,NA
s,second reserve missile,12,NA
t,three musketeers missiles,12,NA
t,top left bubble mountain missile,12,NA
w,west ocean missile,12,NA
w,wrecked ship e-tank,12,NA
w,wrecked ship left missiles,12,NA
w,wrecked ship left supers,12,NA
w,wrecked ship right supers,12,NA
NA,ピョンタ、3匹のところ,11,NA
a,acid tide missiles,1,NA
b,below spazer,7,NA
b,"beneath red ki, left of jumpers",11,NA
b,best item in the game,5,NA
b,best music elevator,3,NA
b,best ray,1,x-ray
c,crateria 上がったとこの左部屋 missle,11,NA
c,croc bombs,11,NA
d,deactivated spike missiles,11,NA
d,don't screw these up,11,NA
d,double missiles (1),11,NA
d,double missiles (2),11,NA
d,draygon missile,11,NA
e,etacoon pb,11,NA
e,etecoon tank (jump!),11,NA
f,fireflea e,11,NA
g,gauntlet e,11,NA
g,golden torizo (jump),11,NA
g,grappling missiles,11,NA
g,gravity suit (finally),11,NA
g,gravity suit missile,11,NA
g,gravity suit reserve,11,NA
h,hidden left of musketeers,11,NA
h,hidden missiles,11,NA
h,hjb,11,hi-jump boots
i,in front of pipe maze,11,NA
k,kraid e,11,NA
l,last block tl bubble mountain,11,NA
l,left block of invis pedestal,11,NA
m,mickey mouse (above writg),11,NA
m,missile right,11,NA
m,missiles invisibridge,11,NA
m,mother brain 3,11,NA
o,ocean cubby missiles,11,NA
o,old mother brain tank,11,NA
p,pink brinstar missiles,11,NA
p,pink brinstar pbs,11,NA
r,r tank west sand hole,11,NA
r,retro brinstar above green hill,11,NA
r,right attic missile,11,NA
r,right of tas tank,11,NA
r,right side maridia beach,11,NA
s,"seriously, don't mess up",11,NA
s,short spark maridia missile,11,NA
s,shoulder spark bombs,11,NA
s,space yump,11,space jump
s,statue water tank,11,NA
s,swiss family robinson,11,NA
t,tas tank,11,NA
t,the final missile (left parlor),11,NA
t,through pipe maze,11,NA
t,tiny platform on climb (spark),11,NA
u,under charge beam tank,11,NA
w,waterway e,11,NA
w,wave gate e,11,NA
w,worst missiles in the game,11,NA
w,wrecked ship east (bomb it),11,NA
w,wrecked ship west,11,NA
w,ws etank,11,NA
w,ws tank,11,NA
2,230,10,NA
b,bestball,1,NA
l,last reserve,10,NA
m,mama turtle e-tank,10,NA
m,mama turtle missiles,10,NA
m,maze missiles,10,NA
m,mb1 dead,10,NA
m,missile #4,10,NA
m,moat,10,NA
m,mother brain 1,10,NA
p,precious,10,NA
t,terminator,10,NA
w,wave missile,10,NA
w,wrecked ship main shaft,10,NA
x,xray,10,x-ray
b,beta jumper bombs,11,NA
b,beta missile,8,NA
c,croc e-tank,9,NA
c,croc pbs,9,NA
c,crocomire (finally),9,NA
c,crumble shaft,9,NA
d,dead ball guard,9,NA
d,drkliter's favorite,9,NA
e,energy tank (1),9,NA
e,energy tank (10) above speed sand,9,NA
e,energy tank (11) broken glass,9,NA
e,energy tank (12) fireflies,9,NA
e,energy tank (13) here again,9,NA
e,energy tank (13) right of croc,9,NA
e,energy tank (2),9,NA
e,energy tank (3),9,NA
e,energy tank (4) high w ship,9,NA
e,energy tank (5),9,NA
e,energy tank (6),9,NA
e,energy tank (7),9,NA
e,energy tank (8) below charge,9,NA
e,energy tank (9) above turtle,9,NA
e,etank (waterway),9,NA
e,etecoons pbs,9,NA
f,false wall missile,9,NA
f,firefleas,9,NA
g,gauntlet missiles,9,NA
g,green bubbles missile,9,NA
m,missile (10),9,NA
m,missile (11),9,NA
m,missile (12),9,NA
m,missile (13),9,NA
m,missile (14),9,NA
m,missile (15),9,NA
m,missile (16),9,NA
m,missile (16) bottom left water,9,NA
m,missile (17),9,NA
m,missile (18) above charge,9,NA
m,missile (18) tl big pink,9,NA
m,missile (19),9,NA
m,missile (20) short charge,9,NA
m,missile (21) right turtle,9,NA
m,missile (22) hidden right,9,NA
m,missile (23) left and down,9,NA
m,missile (24),9,NA
m,missile (25) down sand x2,9,NA
m,missile (26),9,NA
m,missile (27),9,NA
m,missile (28) back to kraidville,9,NA
m,missile (29) left wall hidden,9,NA
m,missile (30) above torizo,9,NA
m,missile (31) left pit,9,NA
m,missile (32),9,NA
m,missile (32) down the hole,9,NA
m,missile (33) left of pit,9,NA
m,missile (34) fake step,9,NA
m,missile (35) bottom right,9,NA
m,missile (36) don't need no beam,9,NA
m,missile (37) lava don't hurt,9,NA
m,missile (38) by green door,9,NA
m,missile (39) hidden walkway,9,NA
m,missile (40) right there,9,NA
m,missile (41) right at bottom,9,NA
m,missile (42) under old brain,9,NA
m,missile (43) left parlor,9,NA
m,missile (5),9,NA
m,missile (6),9,NA
m,missile (7),9,NA
m,missile (8),9,NA
m,missile (9),9,NA
m,missiles (1),9,NA
m,missiles (2),9,NA
m,missiles (3),9,NA
m,missiles (4),9,NA
m,mother brain1,9,NA
n,nofair clean,9,NA
p,power bomb (1),9,NA
p,power bomb (2),9,NA
p,power bomb (3) above ship,9,NA
p,power bomb (4),9,NA
p,power bomb (5) left,9,NA
p,power bomb (6),9,NA
p,power bomb (7) left of statues,9,NA
p,power bomb (8) back to brin,9,NA
p,power bomb (8) break the stuff,9,NA
p,power bomb (9) left of gap,9,NA
r,reserve tank (1),9,NA
r,reserve tank (2),9,NA
r,reserve tank (3),9,NA
r,reserve tank (4) left through hole,9,NA
r,ripley fly away,9,NA
r,robot missile,9,NA
s,sky missiles,9,NA
s,speed missile,9,NA
s,station escape,9,NA
s,super missile (10) right climb,9,NA
s,super missile (2),9,NA
s,super missile (3),9,NA
s,super missile (4) way down green,9,NA
s,super missile (5),9,NA
s,super missile (6) hidden left,9,NA
s,super missile (7) right by it,9,NA
s,super missile (8),9,NA
s,super missile (9),9,NA
s,super missiles (1),9,NA
t,taste the rainbow,9,NA
u,underwater missile,9,NA
u,use the power bomb,9,NA
w,wall jump power bomb - brinstar,9,NA
w,warehouse entrance,9,NA
w,ws reserve missile,9,NA
.,... loves the water !,8,NA
3,3 musks missile,8,NA
a,after bowling (bot right),1,NA
a,alabama,2,NA
a,all powerups collected,1,NA
b,beta pb,43,NA
b,beta pbs,18,NA
b,beta power bomb room,1,NA
b,beta power bombs,16,NA
b,better spin,8,NA
c,ceres station,8,NA
c,cosine,8,NA
e,e-tank #3,8,NA
e,e-tank #7,8,NA
e,electric beam,8,grapple beam
e,energy tank,8,NA
e,enter ln,8,NA
f,first e-tank,8,NA
g,gauntlet e tank,8,NA
g,green hills,8,NA
g,gt super,8,NA
h,hello metroids,8,NA
h,hoto missile,8,NA
i,i (don't) want a slow dude !,8,NA
i,i'm orange !,8,varia suit
i,ice beam (kraid missile plz),8,ice beam
i,infinite jump ...?,8,NA
l,l sand missile,8,NA
l,l sand reserve,8,NA
l,litle destruction,8,NA
m,mama missile,8,NA
m,mama tank,8,NA
m,meme pbs,8,NA
m,missile #3,8,NA
m,missile #5,8,NA
m,missile below,8,NA
m,mission impossible,8,NA
m,mission impossible pbs,8,NA
m,mm missile,8,NA
n,no more water plz,8,NA
o,ocean land,8,NA
o,ocean sky,8,NA
o,old mb,8,NA
o,old mother brain missiles,8,NA
p,p-bomb #3,8,NA
p,pb's of shame,8,NA
q,quicksand rt,8,NA
r,r sand missile,8,NA
r,r sand pb,8,NA
r,reserve missile,8,NA
s,see you zebes !,8,NA
s,spooky,8,NA
s,spospo supes,8,spore spawn supers
s,stop with your tail bro !,8,NA
s,supers room,8,NA
t,tacos,8,NA
t,terminator e,8,NA
u,under bridge,8,NA
u,under mountain missile,8,NA
u,under ocean missile,8,NA
w,water girl ...,8,NA
w,wave gate,8,NA
w,west wrecked ship supers,8,NA
x,x ray,8,x-ray
x,x3 beam damage,8,NA
y,you're (not) too slow !,8,NA
2,2nd billy mays missiles,7,NA
2,2nd gauntlet missiles,7,NA
3,3mm,7,NA
a,alpha,6,NA
a,alpha bombs,1,NA
a,alpha missile,8,NA
b,beyond spike room of death,1,NA
b,big bombs,2,NA
b,big boy room,1,NA
b,big pink,6,NA
b,big pink (clean),1,NA
c,cathedral missile,7,NA
c,ceiling e,7,NA
c,croc e,7,NA
c,croc pb,7,NA
d,dunzo,7,NA
e,e-tank #2,7,NA
e,e-tank #5,7,NA
e,e-tank #8,7,NA
e,e-tank #9,7,NA
e,east tunnel,7,NA
f,fin,7,NA
f,first p-bombs,7,NA
f,first reserve,7,NA
f,first supers,7,NA
f,franker z missiles,7,NA
g,grabber,7,NA
g,grapple + missiles,7,NA
g,gt missiles (lay pb),7,NA
i,ice missiles,7,NA
l,last missiles(?),7,NA
m,main ws missiles,7,NA
m,mama turtle [e],7,NA
m,mickey mouse,7,NA
m,missile #10,7,NA
m,missile #11,7,NA
m,missile #12,7,NA
m,missile #13,7,NA
m,missile #14,7,NA
m,missile #15,7,NA
m,missile #17,7,NA
m,missile #18,7,NA
m,missile #20,7,NA
m,missile #21,7,NA
m,missile #22,7,NA
m,missile #27,7,NA
m,missile #28,7,NA
m,missile #37,7,NA
m,missile #38,7,NA
m,missile #42,7,NA
m,missile #43,7,NA
m,missile #44,7,NA
m,missile #8,7,NA
m,missile #9,7,NA
m,missile lake,7,NA
m,moat missile,7,NA
o,old mother missiles,7,NA
o,other ln pbs,7,NA
p,p-bomb #2,7,NA
p,p-bomb #4,7,NA
p,p-bomb #5,7,NA
p,p-bomb #6,7,NA
p,p-bomb #9,7,NA
p,parlor,7,NA
p,phantoom,7,phantoon
p,pink pbs,7,NA
r,right sand pbs,7,NA
r,right side bubble missiles,7,NA
s,sign missiles,7,NA
s,something something animals,7,NA
s,super #2,7,NA
s,super #3,7,NA
s,super #4,7,NA
s,super #7,7,NA
s,super missile,7,NA
s,supers left,7,NA
s,supers right,7,NA
t,tube pbs,7,NA
w,warehouse pbs,7,NA
w,waterway etank,7,NA
w,west ws supers,7,NA
w,writg,7,NA
w,ws [e],7,NA
w,ws [e},7,NA
2,215,6,NA
4,4 dead trolls,6,NA
a,alpha missiles,7,NA
a,alpha pb,19,NA
a,alpha pb missile,13,NA
b,big pink e tank,2,NA
b,big pink energy tank,1,NA
b,big pink grapple missiles,1,NA
b,big pink missiles,14,NA
b,big pink pbs,2,NA
b,big pink power bomb,12,NA
b,big pink power bombs,1,NA
c,croc etank (wrap around),6,NA
d,dead critters,6,NA
d,dead spike missiles,6,NA
d,don't choke,6,NA
d,draygon missiles + spacejam!!!!!,6,NA
d,dumbley,6,NA
e,etank spikes,6,NA
e,etecoon tank,6,NA
f,fake kraid tank,6,NA
f,far right e.t.,6,NA
f,fireflea etank,6,NA
g,gauntile # 1,6,NA
g,gauntile # 2,6,NA
g,gg,6,NA
g,glass tunnel,6,NA
g,gravy sute,6,NA
g,gt items and screw,6,NA
i,intro,6,NA
k,kraid missiles (with pbs),6,NA
l,lava drop (under ice) room wall missiles,6,NA
l,lava pillar missiles,6,NA
l,lava tide missile,6,NA
l,left beach,6,NA
l,left sand pit missiles,6,NA
l,left-side supes,6,NA
l,lower pink e-tank,6,NA
m,mama turtle,6,NA
m,missile #1,6,NA
m,more supers,6,NA
n,norfair reserve tank,6,NA
n,not baby skip,6,NA
o,ocean missile,6,NA
o,orange,6,NA
p,phantoon ded,6,phantoon
p,pipe sparks missiles,6,NA
p,plasma (up green tube and down cac alley),6,NA
p,purple,6,NA
r,red tower,6,NA
r,riddles etank,6,NA
r,ridley e tank,6,NA
r,right-side supes,6,NA
r,ripley ded,6,ridley
s,spazer beam,6,NA
s,speed boost,6,NA
s,spore who???,6,spore spawn supers
s,sporespawn supers,6,spore spawn supers
s,stastion,6,NA
t,turtle [etank] and wall missiles,6,NA
v,"varia, etank",6,NA
w,water,6,NA
w,waterway e tank,6,NA
w,west tunnel,6,NA
1,100%,5,NA
b,big pink top missile,9,NA
b,big pink top missiles,1,NA
b,billy mays,1,NA
b,billy mays # 1,6,NA
b,billy mays # 2,6,NA
b,billy mays #1,4,NA
b,billy mays 1,3,NA
c,chzbrgr,5,NA
c,clean up,5,NA
c,cleanup,5,NA
c,climb,5,NA
c,croc e-tank (#4),5,NA
c,crock,5,NA
c,croco,5,NA
c,crocomire speedway,5,NA
c,crumble room missiles,5,NA
d,dickbuttz,5,NA
d,draygon missiles (#29),5,NA
e,e-tank,5,NA
e,east sand missile,5,NA
e,enter brinstar,5,NA
e,enter maridia,5,NA
f,final clean,5,NA
f,finished,5,NA
g,gravit,5,NA
g,green hill missile,5,NA
h,hi jump,5,hi-jump boots
i,ice beam gate room,5,NA
i,indiana jones missiles,5,NA
k,kraid missles,5,NA
l,left bubble missile (#39),5,NA
l,lower norfair,5,NA
m,main street missile,5,NA
m,marian clean,5,NA
m,maridia,5,NA
m,mickey mouse missile,5,NA
m,missiles 1,5,NA
m,missiles 2,5,NA
m,mission impossible pb,5,NA
m,morphball,5,NA
m,mother,5,NA
m,mother brain dinosaur,5,NA
m,motherbitch,5,NA
n,nice 99% !!!,5,NA
n,no farm fake kraid tank,5,NA
p,phantoon dead,5,phantoon
p,precious missile,5,NA
r,reserve #2,5,NA
r,ridley e,5,NA
r,ridley e-tank (#12),5,NA
r,ridleys scran,5,NA
s,snakeyboi,5,NA
s,space colony exit,5,ceres escape
s,spaceship end,5,NA
s,sparkmissles,5,NA
t,the moat,5,NA
t,tourian entrance,5,NA
t,turtle e-tank (#10),5,NA
u,underwater missile (#19),5,NA
w,warehouse zeela room,5,NA
w,wrecked ship reserve,5,NA
2,230 missile,4,NA
2,230 missles,4,NA
a,alpha pb missiles,1,NA
a,alpha pb's,2,NA
a,alpha pbs,39,NA
b,billy mays 2,3,NA
b,billy mays missile 1,12,NA
b,billy mays missile 1+2,4,NA
b,billy mays missile 2,12,NA
b,billy mays missiles,4,NA
b,billy mays missiles 2,1,NA
b,billy mays missles,5,NA
b,billy mays room,2,NA
b,billy mays' missiles,2,NA
b,blip,1,NA
b,block missiles,1,NA
b,blue,13,NA
c,caterpillar room,4,NA
c,charge missiles (#23),4,NA
c,chozo missiles,4,NA
c,chozo statue,4,NA
c,colosseum save room,4,NA
c,construction zone,4,NA
c,crab shaft,4,NA
c,crab tunnel,4,NA
c,crateria,4,NA
c,crateria last e-tank,4,NA
c,crateria p-bombs (#10),4,NA
c,crateria recharge,4,NA
c,crateria supers (#10),4,NA
c,crocomire e,4,NA
c,crocomire pb,4,NA
c,crumble missile,4,NA
d,dead spike missile,4,NA
d,disappear missiles (#34),4,NA
d,done (igt 53),4,NA
d,double chamber missile,4,NA
d,dumb e-tank,4,NA
e,early supers bridge missile,4,first supers
e,east sand pb,4,NA
e,etecoon e,4,NA
e,etecoon supers+e,4,NA
e,etecoons,4,NA
e,exit ln,4,NA
e,exit supers,4,NA
f,final missiles (#46),4,NA
f,first power bomb,4,NA
f,fish tank,4,NA
f,flyway,4,NA
f,frankerz missile,4,NA
g,gauntlet e-tank (#6),4,NA
g,gauntlet missiles 1+2,4,NA
g,glow e-tank (#13),4,NA
g,gold missiles (#35),4,NA
g,gold supers (#9),4,NA
g,golden chozo,4,NA
g,green brinstar main shaft,4,NA
g,gt,4,NA
h,halfie climb room,4,NA
h,heart missiles (#36),4,NA
h,hi-jump,4,hi-jump boots
h,hi-jump e,4,NA
h,hi-jump missile,4,NA
h,high e,4,NA
h,high missile #16,4,NA
h,high missiles,4,NA
i,itens (f4),4,NA
k,kraid misseles,4,NA
k,kraid missiles (#33),4,NA
l,l bub missile 2 (#40),4,NA
l,l. sand missiles (#32),4,NA
l,landing site,4,NA
l,landing site pb,4,NA
l,last cleanup,4,NA
l,lava missile (#6),4,NA
l,left sand hole,4,NA
l,left sand pit missile,4,NA
l,left sand reserve,4,NA
m,main st. missiles (#25),4,NA
m,main st. supers (#6),4,NA
m,main street spark missile,4,NA
m,mama missiles,4,NA
m,mama turtle e,4,NA
m,mama turtle energy tank,4,NA
m,maridia beach,4,NA
m,mickey missiles,4,NA
m,miridia clean up,4,NA
m,missile #7,4,NA
m,missiles,4,NA
m,mission impossible misiles,4,NA
m,mission impossible missile,4,NA
m,missle left,4,NA
m,morph ball room,4,NA
m,mother brain exit,4,NA
m,mt. everest,4,NA
n,new record!,4,NA
n,norfair reserve+missile,4,NA
o,old mb missiles (#45),4,NA
o,old mother brain missile,4,NA
p,pb of shame,4,NA
p,pbs,4,NA
p,pre-jail missiles,4,NA
p,pre-norfair reserve missile,4,NA
r,r. sand p-bombs (#7),4,NA
r,red keyhunter shaft,4,NA
r,red tower pb,4,NA
r,retro brinstar e-tank,4,NA
r,ridley (energy),4,NA
r,ridley etank,4,NA
r,ridley p-bombs (#8),4,NA
r,ridley pbs,4,NA
r,right sand hole,4,NA
r,right sand missiles (#30),4,NA
s,sand pit missile+super,4,NA
s,shame pb,4,NA
s,speed booster missile,4,NA
s,speed boots,4,speed booster
s,spiky room missile,4,NA
s,spore supers (#5),4,spore spawn supers
s,spring maze missile,4,NA
s,spring maze pb,4,NA
s,statues,4,golden 4
s,super,4,NA
s,supers (aqueduct),4,NA
t,taco,4,NA
t,the baby,4,NA
t,total rta,4,NA
t,tube missiles (#24),4,NA
t,turtle missiles (#26),4,NA
u,upper norfair,4,NA
w,wall missles,4,NA
w,warehouse,4,NA
w,west ocean,4,NA
w,west sand reserve+missile,4,NA
w,wrecked ship and crateria,4,NA
w,wrecked ship e,4,NA
w,wrecked ship east super,4,NA
w,wrecked ship save room,4,NA
w,wrecked ship west super,4,NA
z,zebetite destroyed,4,NA
<,< that sucks,3,NA
a,alpha power bomb,2,NA
a,alpha power bomb pack,3,NA
a,alpha power bomb room,1,NA
a,alpha power bombs,16,NA
a,alpha power bombs any%,1,NA
a,amphitheatre,1,NA
a,ancalagon,3,NA
a,animal pbs,2,NA
a,animals :),2,NA
b,blue brinstar,14,NA
b,blue brinstar boulder room,2,NA
b,blue brinstar e,4,NA
b,blue brinstar e-tank,13,NA
b,blue brinstar energy tank room,2,NA
b,blue brinstar missile,16,NA
b,blue brinstar missiles,1,NA
b,blue brinstar pb,4,NA
b,blue brinstar power bombs,13,NA
b,blue hopper room,1,NA
b,blue p-bombs,3,NA
b,blue power bombs,5,NA
b,boing,1,NA
b,boing!,1,NA
b,bolinha,5,NA
b,bomb,49,bombs
c,ceres escape begins,3,NA
c,ceres escape ends,3,NA
c,ceres ridley,3,NA
c,charge　beam,3,NA
c,clean ship,3,NA
c,colony out,3,NA
c,colosseum,3,NA
c,crateria 2,3,NA
c,crateria p-bomb,3,NA
c,critters items,3,NA
c,croc exit,3,NA
c,crocomire defeated,3,NA
c,crocomire's room,3,NA
c,croko energy tank,3,NA
d,disappear missiles,3,NA
d,done (igt 52),3,NA
d,draygon defeated,3,draygon
d,dumbtoon,3,NA
e,e-tank #10,3,NA
e,e-tank #11,3,NA
e,e-tank #12,3,NA
e,e-tank #13,3,NA
e,e-tank #14,3,NA
e,e-tank #4,3,NA
e,e-tank #6,3,NA
e,e-tank (charge),3,NA
e,e-tank above ss super,3,NA
e,electric death room,3,NA
e,electron tube,3,NA
e,elevator (up),3,NA
e,enter crateria,3,NA
e,enter norfair,3,NA
e,etecoon energy tank room,3,NA
e,exit ceres,3,NA
e,exit phantoon,3,NA
f,felix b.,3,NA
f,first reserve tank,3,NA
f,first super missile,3,first supers
f,flashiest boss,3,NA
g,gauntlet missile 2,3,NA
g,ghost house ammo,3,NA
g,glow e-tank,3,NA
g,gold supers,3,NA
g,golden torizo defeated,3,NA
g,grav,3,NA
g,gravity  suit,3,gravity suit
g,grayscale,3,NA
g,green door pbs,3,NA
g,green hill missles,3,NA
g,green hill zone,3,NA
g,green pbs,3,NA
g,green pirates shaft,3,NA
g,grupling,3,NA
h,halfie crash,3,NA
h,heart missiles,3,NA
h,high jumps,3,hi-jump boots
h,high missile,3,NA
h,hundo fundo,3,NA
i,ice,3,ice beam
i,ice beam acid room,3,NA
i,in memory of,3,NA
i,inferior firepower,3,NA
k,kick some ice,3,NA
k,kraid defeated,3,kraid
l,last missile pack,3,NA
l,lava missile,3,NA
l,ln entrace,3,NA
l,ln entry,3,NA
l,lower norfair fireflea room,3,NA
m,m1,3,NA
m,main st. missiles,3,NA
m,maridia (space),3,NA
m,maridia clean,3,NA
m,maridia complete,3,NA
m,maridia in,3,NA
m,maridia save,3,NA
m,mb defeated/zebes escape,3,NA
m,mb missiles,3,NA
m,meowtoon,3,NA
m,mig bountain missiles,3,NA
m,missile #16,3,NA
m,missile #19,3,NA
m,missile #23,3,NA
m,missile #24,3,NA
m,missile #25,3,NA
m,missile #26,3,NA
m,missile #29,3,NA
m,missile #30,3,NA
m,missile #31,3,NA
m,missile #32,3,NA
m,missile #33,3,NA
m,missile #34,3,NA
m,missile #35,3,NA
m,missile #36,3,NA
m,missile #39,3,NA
m,missile #40,3,NA
m,missile #41,3,NA
m,missile #45,3,NA
m,missile #46,3,NA
m,missile before sb,3,NA
m,"missile, pb, missile",3,NA
m,missiles (left sandpit),3,NA
m,missiles 9-11,3,NA
m,missiles behind pbs,3,NA
m,missiles main street,3,NA
m,missilie #6,3,NA
m,missilie #7,3,NA
m,mother brain win,3,NA
n,nofair clean up,3,NA
n,noob bridge,3,NA
n,norfair 2 (et),3,NA
n,norfair complete,3,NA
n,now we're talking,3,NA
o,oasis supers,3,NA
p,p-bomb #10,3,NA
p,p-bomb #7,3,NA
p,p-bomb #8,3,NA
p,pancake super/missile,3,NA
p,phan (f/s),3,NA
p,phantoon defeated,3,phantoon
p,pit room,3,NA
p,pit room elevator,3,NA
p,plasma spark room,3,NA
p,post crocomire farming room,3,NA
p,post crocomire shaft,3,NA
p,power bomb crateria,3,NA
p,power bomb etecoon,3,NA
p,power bombs (right sandpit),3,NA
p,pseudo plasma spark room,3,NA
r,r. sand pbs,3,NA
r,reserve 2,3,NA
r,reserve tank #2,3,NA
r,reserve tank #3,3,NA
r,reserve tank #4,3,NA
r,reserves 1,3,NA
r,ridley defeated,3,NA
r,ridley's etank,3,NA
r,ridry energy tank,3,NA
r,rock&morph baby !,3,NA
r,rõntgen,3,NA
s,screw  attack,3,screw attack
s,see you next mission,3,NA
s,ship clean up,3,NA
s,sidehopper pbs,3,NA
s,single chamber,3,NA
s,single parent,3,NA
s,sirens,3,NA
s,snake win,3,NA
s,snek beam,3,NA
s,spaser,3,NA
s,speedbooster,3,speed booster
s,spike e tank,3,NA
s,spiky room of death,3,NA
s,spin,3,NA
s,sponge bath,3,NA
s,spring,3,NA
s,"stand by, ion control",3,NA
s,star sip in,3,NA
s,station,3,NA
s,sub-zero,3,NA
s,super #10,3,NA
s,super #5,3,NA
s,super #6,3,NA
s,super #8,3,NA
s,super #9,3,NA
s,super 2-3,3,NA
t,the bitches i killed,3,NA
t,thermos,3,NA
t,tourian in,3,NA
t,tourian start,3,NA
t,tube missiles,3,NA
t,turtle missile,3,NA
t,turtle tank,3,NA
v,vegan burger,3,NA
w,wait me...!,3,NA
w,wallhack,3,NA
w,warehouse keyhunter room,3,NA
w,wave,3,wave beam
w,west missiles,3,NA
w,west sand hall,3,NA
w,wreck ship (grav),3,NA
w,wrecked ship 1st missles,3,NA
w,wrecked ship entrance,3,NA
w,wrecked ship west supers,3,NA
w,wrecked sip in,3,NA
w,ws east supers,3,NA
w,ws missiles 1,3,NA
w,ws off missile,3,NA
w,ws west supers,3,NA
y,yargh*pogo*yargh,3,NA
(,(ice) screw attack,2,NA
.,...i started blasting,2,NA
1,1 0 0 %,2,NA
1,1st fase,2,NA
3,3 musketeers,2,NA
a,animals exit,2,NA
a,animals killed,3,NA
a,animals?,11,NA
a,any% cheeseburger,3,NA
a,any% pb & ms,3,NA
a,any% pb missiles,2,NA
a,any% pbs,70,NA
a,any% pbs missiles,7,NA
a,any% pbs/missiles,7,NA
a,any% power bomb,1,NA
a,aquaduct missiles,6,NA
b,bomb chorizo defeated,3,NA
b,bomb torizo,71,NA
b,bomb torizo room,2,NA
b,bombs,339,bombs
b,bombs (regular route),6,bombs
b,booms,1,NA
b,boots,62,hi-jump boots
b,boss (escape),1,NA
b,boss (phantoon),1,NA
b,boss.1 - kraid,1,NA
b,boss.2 - phantoon,1,NA
b,boss.3 - draygon,1,NA
b,boss.4 - ridley,1,NA
b,bot of brin jump (supers),1,NA
b,botright bubble mountain,11,NA
b,bottom etank,1,NA
b,bottom pb,1,NA
b,botwoon,113,NA
b,botwoon [e],7,NA
b,botwoon comes apart,2,NA
b,botwoon dead,1,NA
b,botwoon ded,6,NA
b,botwoon defeated,3,NA
b,botwoon e,12,NA
c,caterpillar save room,2,NA
c,ceres hallway,2,NA
c,ceres lab,2,NA
c,ceres parlor,2,NA
c,ceres shaft,2,NA
c,ceres stairwell,2,NA
c,cheaty,2,NA
c,colosseum recharge station,2,NA
c,crab hole,2,NA
c,crab hole tunnel,2,NA
c,craig,2,NA
c,"crateria done, g4",2,NA
c,crateria keyhunter room,2,NA
c,crateria power bombs,2,NA
c,croc e tank,2,NA
c,croc fall down,2,NA
c,croc power bombs,2,NA
c,croc's etank,2,NA
c,"croc, grapple, norfair done",2,NA
c,crumble shaft missiles (x2),2,NA
c,cwj missile,2,NA
d,dachora room,2,NA
d,damage per frame,2,NA
d,daygon,2,draygon
d,defeat:mother brain,2,mother brain
d,defeat:phantoon,2,phantoon
d,doll,2,NA
d,done with the sand,2,NA
d,done!,2,NA
d,double chamber,2,NA
d,dragon etank,2,NA
d,draygon dead,2,draygon
d,draygon's room,2,NA
e,e (boots),2,NA
e,e (botwoon),2,NA
e,e (charge beam),2,NA
e,e (construction),2,NA
e,e (crocomire),2,NA
e,e (dark room),2,NA
e,e (etecoon),2,NA
e,e (gauntlet),2,NA
e,e (kraid),2,NA
e,e (mama turtle),2,NA
e,e (ridley),2,NA
e,e (ship statue),2,NA
e,e (sidehoopers),2,NA
e,e (terminator),2,NA
e,e-tank bottom pink,2,NA
e,e-tank pink,2,NA
e,early super missle,2,first supers
e,early supers room,2,NA
e,east blue missiles,2,NA
e,east sand hall,2,NA
e,east sand hole missiles,2,NA
e,east sand missiles,2,NA
e,east sand pbs,2,NA
e,easy draygon strat,2,NA
e,el fin,2,NA
e,enter croc,2,NA
e,entire:norfair core,2,NA
e,entire:tourian,2,NA
e,escape:space colony,2,NA
e,escape:zebes,2,NA
e,etecoon e tank,2,NA
e,etecoon supers & tank,2,NA
e,etecoon's pb,2,NA
e,etecoons item,2,NA
e,etecos pbs,2,NA
e,exit missile,2,NA
e,extendo,2,NA
f,final,2,NA
f,final missile bombway,2,NA
f,finsih,2,NA
f,fireflea [e],2,NA
f,fireflea tank,2,NA
f,first pbs,2,NA
f,flying,2,NA
f,frankerz missiles,2,NA
f,funtoon,2,NA
g,g-4,2,NA
g,gauntlet,2,NA
g,gauntlet etank,2,NA
g,gauntlet missiles 1,2,NA
g,gg noob,2,NA
g,ghost,2,NA
g,go left,2,NA
g,going bzzzt,2,NA
g,gold,2,NA
g,golden statue,2,golden 4
g,grappling hook,2,grapple beam
g,grappring beam,2,grapple beam
g,green brin cleanup,2,NA
g,green brinstar e-tank (#7),2,NA
g,green bubbles missile room,2,NA
g,green bubbles missiles,2,NA
g,green hill misseles,2,NA
g,green hills missiles,2,NA
g,grilled shrimp dinner,2,NA
g,grpl,2,NA
g,gt goes boom,2,NA
g,guantlet missiles 2,2,NA
g,gunship,2,NA
g,gunship visit 1,2,NA
g,gunship visit 2,2,NA
h,hi jump energy tank room,2,NA
h,hidden missle ws,2,NA
h,hidden reserve,2,NA
h,hjb e tank,2,NA
h,"hjb, wave",2,NA
h,hot suit,2,NA
h,hundo,2,NA
i,ice beam snake room,2,NA
i,"ice, ice, baby",2,ice beam
i,"ice, phantoon",2,NA
i,indiana jones,2,NA
i,item cancel,2,NA
j,jail break,2,NA
j,jumping all day long,2,space jump
k,kassiuz room,2,NA
k,kgg,2,NA
k,kihunter room missiles,2,NA
k,kraid e tank,2,NA
k,kraid eye door room,2,NA
k,kraid goes boom,2,NA
k,"kraid missiles, x-ray, brinstar done",2,NA
k,kraid power bomb,2,NA
k,kraid room,2,NA
k,kraid's missile,2,NA
l,la bomba,2,bombs
l,landing pbs,2,NA
l,last clean up,2,NA
l,last missiles,2,NA
l,lava dive elevator,2,NA
l,lava pit missle,2,NA
l,lavatory,2,NA
l,left sand pit exit,2,NA
l,left ws supers,2,NA
l,left-side supers,2,NA
l,let there be light,2,NA
l,let's dance,2,NA
l,life's a beach,2,NA
l,ln elevator,2,NA
l,lower mushrooms,2,NA
l,lower mushrooms elevator,2,NA
l,lower norfair escape power bomb room,2,NA
l,lower norfair farming room,2,NA
l,lower norfair spring ball maze room,2,NA
m,m2,2,NA
m,m210/sm45/pb40/e12,2,NA
m,m230/sm50/pb50/e14,2,NA
m,main hall,2,NA
m,making maridia dull again,2,NA
m,mama turtle etank,2,NA
m,maridia done,2,NA
m,maridia missiles,2,NA
m,maridia reserve tank,2,NA
m,maridia supers,2,NA
m,mates,2,NA
m,mb 1,2,NA
m,metal pirates room,2,NA
m,mickey,2,NA
m,missile (bubble reserve),2,NA
m,missile (parlor),2,NA
m,missile (pink) + etank,2,NA
m,missiles 3,2,NA
m,mission impossible missiles,2,NA
m,missle hidden pb,2,NA
m,missles after gauntlet,2,NA
m,momma turtle tank,2,NA
m,morp,2,NA
m,morph ball (4311),2,NA
m,morph ball (4357),2,NA
m,"morph, bombs",2,NA
m,mother brain missiles,2,NA
m,much longer than any%,2,NA
n,norfair ele,2,NA
n,norfair elevator,2,NA
n,norfair reserve missiles,2,NA
n,northwest maridia bug room,2,NA
n,not stolen from oats,2,NA
o,oasis,2,NA
o,ocean bottom,2,NA
o,omg where's the baby!?,2,NA
o,op,2,NA
p,p.b.o.s.,2,NA
p,pants room,2,NA
p,pb:maridia,2,NA
p,pbs of shame,2,NA
p,phantoon supries,2,NA
p,pink brin cleanup,2,NA
p,pink brinstar etank,2,NA
p,pink brinstar hopper room,2,NA
p,pipe missile,2,NA
p,pit missiles,2,NA
p,plasma tutorial room,2,NA
p,plowerhouse room,2,NA
p,plz turn around!!!,2,NA
p,post crocomire jump room,2,NA
p,powerbombs,2,NA
p,precious missiles,2,NA
p,precious monument,2,NA
p,purple gamma-rays,2,NA
q,quad gees,2,NA
r,r (behind missile),2,NA
r,r (chozo),2,NA
r,r (gravity),2,NA
r,r (sand hole),2,NA
r,really weed,2,NA
r,red brinstar fireflea room,2,NA
r,red keyhunter shaft save room,2,NA
r,retro brin cleanup,2,NA
r,retro brinstar missiles,2,NA
r,retro tank,2,NA
r,riddles,2,NA
r,ridley dead,2,ridley
r,ridley energy tank,2,NA
r,ridley's room,2,NA
r,right of attic missile,2,NA
r,right-side supers,2,NA
r,rinka shaft,2,NA
r,ripley e-tank (#12),2,NA
r,rodney e,2,NA
s,screw you,2,NA
s,"screw, ridley",2,NA
s,seaweed room,2,NA
s,self-destruction in t-180s,2,NA
s,shaktool room,2,NA
s,shinespark supers,2,NA
s,shiny hookshot,2,NA
s,situation,2,NA
s,so anyway....,2,NA
s,"spazer, varia",2,NA
s,speed booster hall,2,NA
s,spiky death room,2,NA
s,spineshark,2,NA
s,spo spo skip,2,NA
s,spore spawn farming room,2,NA
s,spring ball maze missiles,2,NA
s,"spring ball, plasma, maridia done, ln",2,NA
s,station,2,NA
s,statue,2,golden 4
s,super missile (crab supers),2,NA
t,tentacle monster,2,NA
t,terminator e tank,2,NA
t,terminator room,2,NA
t,"that makes 100, right?",2,NA
t,the precious room,2,NA
t,the worst room in the game,2,NA
t,there is no tube,2,NA
t,this crab...,2,NA
t,thread the needle room,2,NA
t,time,2,NA
t,tnt-bubbles,2,NA
t,tourian first room,2,NA
t,turtle e tank,2,NA
u,upper norfair cleanup,2,NA
u,upper norfair cleanup (split at 3 muskateers),2,NA
u,upper norfair farming room,2,NA
w,walking underwater,2,NA
w,walljump tutorial,2,NA
w,wasteland,2,NA
w,water e-tank,2,NA
w,water jump e-tank,2,NA
w,wave gate e-tank,2,NA
w,west sand missiles,2,NA
w,west sand reserve,2,NA
w,wr,2,NA
w,wr pre-game,2,NA
w,wrecked ship,2,NA
w,wrecked ship energy tank,2,NA
w,"ws done, brinstar i, maridia tube",2,NA
w,ws hidden missiles,2,NA
w,ws reserve tank,2,NA
','press up' tank,1,NA
1,1,1,NA
1,10,1,NA
1,100,1,NA
1,11,1,NA
1,12,1,NA
1,13,1,NA
1,14,1,NA
1,15,1,NA
1,16,1,NA
1,17,1,NA
1,18,1,NA
1,19,1,NA
2,2,1,NA
2,20,1,NA
2,21,1,NA
2,22,1,NA
2,23,1,NA
2,230 missiles,1,NA
2,24,1,NA
2,25,1,NA
2,26,1,NA
2,27,1,NA
2,28,1,NA
2,29,1,NA
3,3,1,NA
3,3 muskateers missile,1,NA
3,3 muskateers missiles,1,NA
3,3 musketeers missle,1,NA
3,30,1,NA
3,31,1,NA
3,32,1,NA
3,33,1,NA
3,34,1,NA
3,35,1,NA
3,36,1,NA
3,37,1,NA
3,38,1,NA
3,39,1,NA
3,3m missiles,1,NA
4,4,1,NA
4,40,1,NA
4,41,1,NA
4,42,1,NA
4,43,1,NA
4,44,1,NA
4,45,1,NA
4,46,1,NA
4,47,1,NA
4,48,1,NA
4,49,1,NA
4,4g,1,NA
5,5,1,NA
5,50,1,NA
5,51,1,NA
5,52,1,NA
5,53,1,NA
5,54,1,NA
5,55,1,NA
5,56,1,NA
5,57,1,NA
5,58,1,NA
5,59,1,NA
6,6,1,NA
6,60,1,NA
6,61,1,NA
6,62,1,NA
6,63,1,NA
6,64,1,NA
6,65,1,NA
6,66,1,NA
6,67,1,NA
6,68,1,NA
6,69 nice!,1,NA
7,7,1,NA
7,70,1,NA
7,71,1,NA
7,72,1,NA
7,73,1,NA
7,74,1,NA
7,75,1,NA
7,76,1,NA
7,77,1,NA
7,78,1,NA
7,79,1,NA
8,8,1,NA
8,80,1,NA
8,81,1,NA
8,82,1,NA
8,83,1,NA
8,84,1,NA
8,85,1,NA
8,86,1,NA
8,87,1,NA
8,88,1,NA
8,89,1,NA
9,9,1,NA
9,9.807 m/s/s,1,NA
9,9.807 m/s²,1,NA
9,9.807 m/s²,1,NA
9,90,1,NA
9,91,1,NA
9,92,1,NA
9,93,1,NA
9,94,1,NA
9,95,1,NA
9,96,1,NA
9,97,1,NA
9,98,1,NA
9,99,1,NA
<,<3,1,NA
?,???,1,NA
\,\o/,1,NA
a,aquaduct supers,16,NA
a,aqueduct,6,NA
a,aqueduct missile,20,NA
a,aqueduct missile+super,4,NA
a,aqueduct missiles,17,NA
a,aqueduct save room,1,NA
a,aqueduct sm,1,NA
a,aqueduct super,8,NA
a,aqueduct supers,37,NA
a,atom,3,NA
a,attic,2,NA
a,attic missile,8,NA
a,attic missiles,12,NA
a,attic right missiles,1,NA
a,attic right-side missiles,1,NA
a,auxiliary power,3,NA
a,awakening missile,1,NA
a,awakening missiles,2,NA
b,botwoon e-tank,20,NA
b,botwoon e-tank (#11),4,NA
b,botwoon e-tank (speed edge of halfie room),1,NA
b,botwoon energy,1,NA
b,botwoon energy tank,1,NA
b,botwoon energy tank pitall,2,NA
b,botwoon energy tank room,5,NA
b,botwoon hallway,1,NA
b,botwoon tank,22,NA
b,botwoon's room,2,NA
b,bouncy ball,3,NA
b,bowling alley,1,NA
b,bowling alley path 1,1,NA
b,bowling alley path 2,1,NA
b,bowling missile,4,NA
b,bowling missiles,3,NA
b,bowling reserve,8,NA
b,br bubble missiles,1,NA
b,brain,2,NA
b,bridge,1,NA
b,bridge missile,12,NA
b,bridge missiles,13,NA
b,brin reserve,8,NA
b,brinstar,8,NA
b,brinstar 2,3,NA
b,brinstar clean up,1,NA
b,brinstar cleanup,7,NA
b,brinstar elevator,16,NA
b,brinstar first visit,1,NA
b,brinstar reserve,13,NA
b,brinstar reserve missile #2,1,NA
b,brinstar reserve missile 1,1,NA
b,brinstar reserve missile 1+2,4,NA
b,brinstar reserve missiles,1,NA
b,brinstar reserve missiles #1,2,NA
b,brinstar reserve missiles #2,1,NA
b,brinstar reserve tank,3,NA
b,brinstar reserve tank room,1,NA
b,brinstar 最初の酢味噌の下,11,NA
b,broken glass,3,NA
b,broken jump,1,NA
b,bt,3,NA
b,bt dead,1,NA
b,bt goes boom,2,NA
b,bubble bot right,1,NA
b,bubble far right (pb frogway first),1,NA
b,bubble hidden missiles,4,NA
b,bubble missile,4,NA
b,bubble missile (#41),4,NA
b,bubble missiles,1,NA
b,bubble mountain,5,NA
b,bubble mountain bottom,2,NA
b,bubble mountain cleanup (top left / bottom right),2,NA
b,bubble mountain hidden missile,12,NA
b,bubble mountain missile,5,NA
b,bubble mountain missiles,16,NA
b,bubble mountain reserve tank,12,NA
b,bubble mountain reserves,3,NA
b,bubble mountain top,2,NA
b,bubble moutain missile,1,NA
b,bubble reserve,18,NA
b,bubble reserve missiles,4,NA
b,bubble top left,1,NA
b,bug sand hole,2,NA
b,business center,9,NA
b,business center save room,1,NA
b,but wait . . . there is more,7,NA
b,but wait there's more,1,NA
b,butterfly room,1,NA
b,bye mardia,1,NA
c,cactus alley,1,NA
c,cactus alley path,1,NA
c,cathedral entrance,1,NA
c,ceiling e-tank,1,NA
c,ceiling energy,1,NA
c,ceiling missiles,1,NA
c,ceres ridley dead,1,NA
c,ceres ridley room,1,NA
c,charge beam (10) (1/5),1,NA
c,charge beam missile,1,NA
c,charge missiles (use a pb first),1,NA
c,chin slam,1,NA
c,choot missiles,1,NA
c,choot supers,1,NA
c,classic e-tank,1,NA
c,clean green,1,NA
c,cleared first metroid room,1,NA
c,cleared fourth metroid room,1,NA
c,cleared second metroid room,1,NA
c,cleared third metroid room,1,NA
c,cliff missiles,1,NA
c,climb sup,1,NA
c,colgate,1,NA
c,consolation prize missiles,1,NA
c,cosine missile,1,NA
c,cosine missiles,1,NA
c,crab sm,1,NA
c,crateria 1: walking,1,NA
c,crateria clean up,1,NA
c,crateria keyhunter elevator,1,NA
c,crateria last e-tank (cieling),1,NA
c,crateria p-bombs (top of green hills),1,NA
c,crateria pb,1,NA
c,crateria power bomb,1,NA
c,crateria power bomb room,1,NA
c,crateria super room,1,NA
c,crateria supers (first right wall of climb),1,NA
c,crateria tube,1,NA
c,createria sm,1,NA
c,crikomire,1,crocomire
c,critter energy tank,1,NA
c,critter power bombs,1,NA
c,critter supers,1,NA
c,croc power bomb,1,NA
c,croc's pbs,1,NA
c,crocomire energy tank,1,NA
c,crocomire escape,1,NA
c,crocomire escape missiles,1,NA
c,crocomire pbs,1,NA
c,crocomire tank,1,NA
c,crumble missile left (did you noob it?),1,NA
c,crumble missile right (don't noob it),1,NA
c,crumble missiles x2,1,NA
c,crumble shaft missile,1,NA
d,d e e r f o r c e,1,NA
d,d800,1,NA
d,default power bomb,1,NA
d,defeated bomb torizo,1,NA
d,defeated botwoon,1,NA
d,defeated crocomire,1,crocomire
d,defeated draygon,1,draygon
d,defeated golden torizo,1,NA
d,defeated kraid,1,kraid
d,defeated phantoon,1,phantoon
d,defeated ridley,1,NA
d,dental plan,1,NA
d,destroyed draygon's statue,1,draygon
d,destroyed kraid's statue,1,kraid
d,destroyed phantoon's statue,1,phantoon
d,destroyed ridley's statue,1,ridley
d,disney item,1,NA
d,don't missiles,1,NA
d,done (igt 54),1,NA
d,done (igt 58),1,NA
d,dot done,1,NA
d,double missiles,1,NA
d,double tap,1,NA
d,draagon,1,draygon
d,dragon tank,1,NA
d,draygon (3/4),1,draygon
d,draygon enter,1,NA
d,dust torizo room,1,NA
e,e sand hole missiles,1,NA
e,e sand hole pbs,1,NA
e,e-tank (below charge - spark out),1,NA
e,e-tank (rbo super glitch),1,NA
e,e-tank (spikes),1,NA
e,e-tank below charge beam,1,NA
e,e-tank hjb,1,NA
e,early missiles x2,1,NA
e,early reserve tank,1,NA
e,early sm,1,first supers
e,early super missiles,1,first supers
e,early super's,1,first supers
e,east ocean,1,NA
e,east pants room,1,NA
e,east sand hole pbs,1,NA
e,east sand hole pitfall,1,NA
e,east sand hole power bombs,1,NA
e,east sand power,1,NA
e,east sand power bombs,1,NA
e,east super,1,NA
e,elevator,1,NA
e,end.escape,1,NA
e,energy tank (13) (2/14),1,NA
e,energy tank (16) (3/14),1,NA
e,energy tank (22) (4/14),1,NA
e,energy tank (36) (5/14),1,NA
e,energy tank (4) (1/14),1,NA
e,energy tank (45) (6/14),1,NA
e,energy tank (48) (7/14),1,NA
e,energy tank (54) (8/14),1,NA
e,energy tank (56) (9/14),1,NA
e,energy tank (58) (10/14),1,NA
e,energy tank (72) (11/14),1,NA
e,energy tank (82) (12/14),1,NA
e,energy tank (83) (13/14),1,NA
e,energy tank (97) (14/14),1,NA
e,energy tank (behind blue gate behind sidehoppers),1,NA
e,energy tank (behind/below charge beam's location),1,NA
e,energy tank (ceiling right past construction zone),1,NA
e,"energy tank (etecoon), accessed below brinstar elevator floor, to the left - watch out for that floor",1,NA
e,energy tank (fire flee),1,NA
e,energy tank (frogs),1,NA
e,"energy tank (lower norfair fireflea room), behind the namihe, under the claw",1,NA
e,energy tank (sexmaster),1,NA
e,"energy tank (statue above water, past all the spikes)",1,NA
e,energy tank (ws),1,NA
e,enter botwoon,1,NA
e,enter croc room,1,NA
e,enter draygon,1,NA
e,enter kraid,1,NA
e,enter kraid room,1,NA
e,enter lower norfair,1,NA
e,enter mb room,1,NA
e,enter phantoon room,1,NA
e,enter ridley room,1,NA
e,enter ship,1,NA
e,entering maridia,1,NA
e,entering tourian,1,NA
e,escape 1 il run 5-1,1,NA
e,escape ceres,1,ceres escape
e,escape igt 1:33,1,NA
e,et.1 - 1st tank,1,NA
e,et.10 - tutle power,1,NA
e,et.11 - eulogy for drgn,1,draygon
e,et.12 - ridley,1,ridley
e,et.13 - fireflea,1,NA
e,et.14 - i'm blue,1,NA
e,et.2 - kraid tank,1,NA
e,et.3 - high jump tank,1,NA
e,et.4 - croctank,1,NA
e,et.5 - wrecked ship,1,NA
e,et.6 - gauntlet,1,NA
e,et.7 - under green brinstar,1,NA
e,et.8 - right of mission impossible,1,NA
e,et.9 - waterway,1,NA
e,etacoon pbs,1,NA
e,etacoon sm & e-tank,1,NA
e,etacoon supers,1,NA
e,etacoon tank,1,NA
e,etecoon,1,NA
e,etecoon bomb,1,NA
e,etecoon power bombs,1,NA
e,etecoon save room,1,NA
e,etecoon super room,1,NA
e,eticoon bombs,1,NA
e,eticoon power bombs,1,NA
e,exit,1,NA
e,exit norfair,1,NA
e,eye spy,1,NA
f,f i n i s h,1,NA
f,false wall missiles,1,NA
f,fast pillars setup room,1,NA
f,fast ripper room,1,NA
f,fin.,1,NA
f,final clean up,1,NA
f,final missile,1,NA
f,final missiles (left blue of parlor),1,NA
f,final room,1,NA
f,finish,1,NA
f,fireflea,1,NA
f,fireflea e-tank (#13),1,NA
f,fireflea's etank,1,NA
f,firefleas e-tank,1,NA
f,firefleas tank,1,NA
f,first missile room,1,NA
f,"first p-bombs (spark across, noob)",1,NA
f,first pb,1,NA
f,first power bombs,1,NA
f,first super missiles,1,NA
f,flushed the lavatory,1,NA
f,forever jump,1,NA
f,forgotton e-tank,1,NA
f,free max b,1,NA
f,freebie missile,1,NA
f,frog speedway,1,NA
g,g.1 - morph ball,1,morph ball
g,g.10 - ice beam,1,ice beam
g,g.11 - gravity suit,1,gravity suit
g,g.12 - space jump,1,space jump
g,g.13 - spring ball,1,spring ball
g,g.14 - plasma beam,1,plasma beam
g,g.15 - screw attack,1,screw attack
g,g.16 - xray,1,x-ray
g,g.2 - bomb,1,bombs
g,g.3 - charge beam,1,charge beam
g,g.4 - spazer,1,spazer
g,g.5 - varia,1,varia suit
g,g.6 - high jump,1,hi-jump boots
g,g.7 -  speed booster,1,speed booster
g,g.8 -wave beam,1,wave beam
g,g.9 - grapple beam,1,grapple beam
g,g4 elevator,1,NA
g,g4 kraig asplode,1,kraid
g,gate energy,1,NA
g,gauntet etank,1,gauntlet e-tank
g,gauntlet 1,1,NA
g,gauntlet 2,1,NA
g,gauntlet 3,1,NA
g,gauntlet e-tank (foot pixels wave shot)),1,gauntlet e-tank
g,gauntlet energy tank,1,gauntlet e-tank
g,gauntlet energy tank room,1,NA
g,gauntlet entrance,1,NA
g,gauntlet left missiles,1,NA
g,gauntlet missile right,1,NA
g,gauntlet right missiles,1,NA
g,gb missiles,1,NA
g,get out!,1,NA
g,gh pipe missiles,1,NA
g,ghz missiles,1,NA
g,glass tunnel broken,1,NA
g,gloden 4,1,golden 4
g,"gold missiles (miss this jump, rip run)",1,NA
g,gold supers (get before fighting gt),1,NA
g,golden statues,1,golden 4
g,golden torizo missiles,1,NA
g,golden torizo's room,1,NA
g,grabble,1,NA
g,grappin,1,NA
g,grapple area missiles,1,NA
g,grapple beam room,1,NA
g,grappling beam (25),1,grapple beam
g,gravitron suit,1,NA
g,gravity missile,1,NA
g,gravity suit (42) (2/2),1,NA
g,gravity suit room,1,NA
g,"gravity,",1,gravity suit
g,gravityyy!,1,gravity suit
g,green b,1,NA
g,green brinstar beetom room,1,NA
g,green brinstar/norfair elevator (down),1,NA
g,green hill zone missiles,1,NA
g,green missile,1,NA
g,green pipe,1,NA
g,ground maze missiles,1,NA
g,gt (swap with below if get while he spawns),1,NA
g,gt dead,1,NA
g,gt sm,1,NA
g,gt4,1,NA
g,gunship visit,1,NA
h,hellway,1,NA
h,hi jump boots room,1,NA
h,hi jump energy tank,1,NA
h,hi jump missiles,1,NA
h,hi-jump boots (14),1,NA
h,hi-jump tank,1,NA
h,hidden missile,1,NA
h,hidden missile in beach,1,NA
h,hidden pbs,1,NA
h,high jump boots,1,hi-jump boots
h,high missile (spark off ledge),1,NA
h,high point missile,1,NA
h,hjb e-tank,1,NA
h,holy spring,1,spring ball
h,hopper energy tank room,1,NA
i,ice beam (75) (5/5),1,ice beam
i,ice beam room,1,NA
i,ice eu te pego,1,NA
i,icey ice beam,1,ice beam
i,invisible missiles x2,1,NA
i,isaac newton,1,gravity suit
j,jabba dead,1,NA
j,jail,1,NA
j,jump,1,NA
j,jump ball,1,spring ball
j,jump missiles,1,NA
j,jump tank,1,NA
j,jumpy,1,NA
j,jumpy boots,1,hi-jump boots
k,kappa tank,1,NA
k,kill mother brain,1,mother brain
k,kraid (1/4),1,kraid
k,kraid energy tank,1,NA
k,kraid killed,1,kraid
k,kraid leftovers,1,NA
k,"kraid missiles (buffer the spring ball jump, you noob)",1,NA
k,kraid's lair spring ball missiles,1,NA
k,kronic boost room,1,NA
l,l. sand missiles (did you fail the spring ball?),1,NA
l,last energy tank,1,NA
l,last missile,1,NA
l,lava dive room,1,NA
l,lava dive save room,1,NA
l,lava missile (cathedral caverns),1,NA
l,lava pit missiles,1,NA
l,lava tide missiles,1,NA
l,leave phantoon,1,NA
l,left gauntlet missiles,1,NA
l,lower bubble mountain missiles,1,NA
l,lower norfair escape power bombs,1,NA
l,lower norfair exit,1,NA
l,lower norfair fireflea energy tank,1,NA
l,lower route missiles,1,NA
m,m.10,1,NA
m,m.100,1,NA
m,m.105,1,NA
m,m.110,1,NA
m,m.115,1,NA
m,m.120,1,NA
m,m.125,1,NA
m,m.130,1,NA
m,m.135,1,NA
m,m.140,1,NA
m,m.145,1,NA
m,m.15,1,NA
m,m.150,1,NA
m,m.155,1,NA
m,m.160,1,NA
m,m.165,1,NA
m,m.170,1,NA
m,m.175,1,NA
m,m.180,1,NA
m,m.185,1,NA
m,m.190,1,NA
m,m.195,1,NA
m,m.20,1,NA
m,m.200,1,NA
m,m.205,1,NA
m,m.210,1,NA
m,m.215,1,NA
m,m.220,1,NA
m,m.225,1,NA
m,m.230,1,NA
m,m.25,1,NA
m,m.30,1,NA
m,m.35,1,NA
m,m.40,1,NA
m,m.45,1,NA
m,m.5,1,NA
m,m.50,1,NA
m,m.55,1,NA
m,m.60,1,NA
m,m.65,1,NA
m,m.70,1,NA
m,m.75,1,NA
m,m.80,1,NA
m,m.85,1,NA
m,m.90,1,NA
m,m.95,1,NA
m,m2 (gray mb),1,NA
m,main,1,NA
m,main shaft missile,1,NA
m,main st missiles,1,NA
m,main st. missiles (bonk then grass),1,NA
m,main st. supers (left wall crab),1,NA
m,main street missles,1,NA
m,main street supers,1,NA
m,main ws missile,1,NA
m,mainstreen missles,1,NA
m,mainstreet missles,1,NA
m,mama,1,NA
m,mama etank,1,NA
m,mama turtle energy,1,NA
m,mama turtle room,1,NA
m,maradia reserve & missile,1,NA
m,maridia clean up,1,NA
m,maridia elevator room,1,NA
m,maridia entrance,1,NA
m,maridia glass,1,NA
m,maridia kappatank,1,NA
m,maridia reserve (spring ball strats?),1,NA
m,maridia reserve missiles,1,NA
m,maridia sand pit missiles,1,NA
m,maridia sand pit pbs,1,NA
m,maridia shinespark missiles,1,NA
m,mb2 dead,1,NA
m,mb3 dead,1,NA
m,mbi,1,NA
m,meridia,1,NA
m,metarooms,1,NA
m,metroid room 1,1,NA
m,metroid room 2,1,NA
m,metroid room 3,1,NA
m,metroid room 4,1,NA
m,metroid rooms,1,NA
m,metroid was stolen,1,NA
m,metroids,1,NA
m,mickey (dont fall on way out!),1,NA
m,mickey mouse room,1,NA
m,mickey mouse's missile,1,NA
m,miniboss.0 - bomb torizo,1,NA
m,miniboss.1 - crocomire,1,NA
m,miniboss.2 - botwoon,1,NA
m,missile #28 (further above botwoon),1,NA
m,"missile (""lower route"" after ice beam - hidden directly left in the wall of geemer shaft after entering room)",1,NA
m,missile (100) (230),1,NA
m,missile (15) (25),1,NA
m,missile (17) (30),1,NA
m,missile (18) (35),1,NA
m,missile (2) (5),1,NA
m,missile (20) (40),1,NA
m,missile (24) (45),1,NA
m,missile (26) (50),1,NA
m,missile (27) (55),1,NA
m,missile (28) (60),1,NA
m,missile (29) (65),1,NA
m,missile (32) (70),1,NA
m,missile (33) (75),1,NA
m,missile (37) (80),1,NA
m,missile (38) (85),1,NA
m,missile (39) (90),1,NA
m,missile (40) (95),1,NA
m,missile (43) (100),1,NA
m,missile (46) (105),1,NA
m,missile (47) (110),1,NA
m,missile (5) (10),1,NA
m,missile (51) (115),1,NA
m,missile (55) (120),1,NA
m,missile (57) (125) (bad shinespark),1,NA
m,missile (59) (130),1,NA
m,missile (6) (15) (boost ball),1,NA
m,missile (61) (135),1,NA
m,missile (63) (140),1,NA
m,missile (64) (145),1,NA
m,missile (66) (150),1,NA
m,missile (68) (155) (right pit),1,NA
m,missile (7) (20),1,NA
m,missile (73) (160) (left pit),1,NA
m,missile (76) (165),1,NA
m,missile (77) (170),1,NA
m,missile (80) (175) (go back up),1,NA
m,missile (84) (180),1,NA
m,missile (86) (185),1,NA
m,missile (87) (190),1,NA
m,missile (89) (195),1,NA
m,missile (90) (200),1,NA
m,missile (92) (205),1,NA
m,missile (94) (210),1,NA
m,missile (95) (215),1,NA
m,missile (96) (220),1,NA
m,missile (98) (225),1,NA
m,"missile (aqueduct), top right pipes of aqueduct",1,NA
m,missile (before phanny left in wrecked ship),1,NA
m,missile (behind any % pbs),1,NA
m,missile (below 3 musketeers),1,NA
m,missile (below old mother brain tank),1,NA
m,missile (below the bridge,1,NA
m,"missile (bubble mountain), bottom right corner of bubble mountain",1,NA
m,missile (dont forget these!),1,NA
m,"missile (east sand hole), drop down through the right sand pit",1,NA
m,"missile (final), first left parlor door after climb",1,NA
m,missile (golden torizo) - watch out for that floor too,1,NA
m,missile (hidden behind kpdr any% power bomb),1,NA
m,missile (hidden in ceiling right before speed booster door),1,NA
m,missile (hidden in ground maze to the left),1,NA
m,missile (hidden in highest point of the mountain to the left),1,NA
m,missile (hidden in right side of maridian beach),1,NA
m,missile (hidden inside the sphere closest to the previous reserve tank),1,NA
m,"missile (hidden left of ""three muskateers"")",1,NA
m,missile (hidden to the left of the main wrecked shift shaft),1,NA
m,missile (in center cathedral lava pit),1,NA
m,missile (indiana jones),1,NA
m,"missile (left over in kraid's lair, accessed with a power bomb)",1,NA
m,missile (pb on the way down),1,NA
m,missile (power bomb corner),1,NA
m,missile (right above bot hidden wall),1,NA
m,missile (right attic),1,NA
m,missile (same location as above),1,NA
m,missile (sea horse room up ball after),1,NA
m,"missile (spark up, 2 in this room!)",1,NA
m,missile (super gate),1,NA
m,missile (to the right of the above location),1,NA
m,missile (top left green door in bubble mountain),1,NA
m,missile (up first right room),1,NA
m,missile (wave),1,NA
m,"missile (west sand hole), same location as above",1,NA
m,missile 1,1,NA
m,missile 2,1,NA
m,missile behind pbs,1,NA
m,missile beneath bubble reserve,1,NA
m,missile hjb,1,NA
m,missile next to it,1,NA
m,missile while power off,1,NA
m,"missile x2 (above the above location, up the shaft and past the invisible bridge with the falling boulders)",1,NA
m,missile x2 (crumble shaft after gauntlet),1,NA
m,missile x2 (to the right of early supers),1,NA
m,missiles (billy mays),1,NA
m,missiles (cathedral),1,NA
m,missiles (crumble shaft),1,NA
m,missiles (final item),1,NA
m,missiles (frankerz),1,NA
m,missiles (golden torizo),1,NA
m,missiles (hi-jump),1,NA
m,missiles (kraid),1,NA
m,missiles (mb weed stash),1,NA
m,missiles (mickey mouse),1,NA
m,missiles (moat),1,NA
m,missiles (sandpit),1,NA
m,missiles (stop you will regret if you don't),1,NA
m,missiles (worst room),1,NA
m,missiles (wrekt ship),1,NA
m,missiles above charge beam,1,NA
m,missiles after attic,1,NA
m,missiles of shame,1,NA
m,"moat missiles (spark, you noob)",1,NA
m,mockball missiles,1,NA
m,mockball super,1,NA
m,mockball super missile,1,NA
m,morph ball (1),1,morph ball
m,morph ball (3987),1,morph ball
m,morph ball (4288),1,morph ball
m,morph ball (4373),1,morph ball
m,morph ball (4518),1,morph ball
m,morph ball room power bombs,1,NA
m,morph bomb (3),1,bombs
m,morphine ball,1,NA
m,mother board 1,1,NA
m,mother board 2,1,NA
m,mother board 3,1,mother brain
m,mother brain dead,1,mother brain
m,mother brain exposed,1,NA
m,mother brain missile,1,NA
m,mother brain missles,1,NA
m,mother brain room,1,NA
m,mother brain save room,1,NA
m,mother nrain,1,mother brain
m,mountain missiles,1,NA
m,mr. brain mouth,1,NA
n,nasty boy,1,NA
n,nice 99%,1,NA
n,norfair cleanup,1,NA
n,norfair done,1,NA
n,norfair finished,1,NA
n,norfair first visit,1,NA
n,norfair reserve missile,1,NA
n,norfair reserve tank room,1,NA
o,ocean bottom missiles,1,NA
o,ocean floor,1,NA
o,ocean land missile,1,NA
o,ocean land missiles,1,NA
o,ocean sky missile,1,NA
o,ocean sky missiles,1,NA
o,ocean underwater missile,1,NA
o,ocean underwater missiles,1,NA
o,old mb missiles (spark the elevator),1,NA
o,old mb tank missiles,1,NA
o,out of blue,1,NA
o,outran the lava,1,NA
p,p-bomb #6 (impossible),1,NA
p,p-bomb (any % pbs),1,NA
p,p-bomb (sea horse room),1,NA
p,p.beam,1,NA
p,parlor shaft missles,1,NA
p,pb above ship (diagonal spark),1,NA
p,pb.10,1,NA
p,pb.15,1,NA
p,pb.20,1,NA
p,pb.25,1,NA
p,pb.30 - mission impossible,1,NA
p,pb.35,1,NA
p,pb.40,1,NA
p,pb.45,1,NA
p,pb.5,1,NA
p,pb.50,1,NA
p,peebs,1,NA
p,personal best,1,NA
p,phamtom,1,phantoon
p,phantoon (2/4),1,phantoon
p,phantoon enter,1,NA
p,phantoon's room,1,NA
p,phantoony,1,phantoon
p,phanty,1,phantoon
p,pillar room,1,NA
p,pink brin grapple,1,NA
p,pink brin under charge,1,NA
p,pink brin wave gate,1,NA
p,pink brinstar cleanup,1,NA
p,pink brinstar e-tank,1,NA
p,pink brinstar power bomb room,1,NA
p,pink e-tank,1,NA
p,pipe broken,1,NA
p,pipe maze pbs,1,NA
p,pipe maze power bomb,1,NA
p,pipe missiles,1,NA
p,plasma beam (71) (4/5),1,NA
p,plasma beam (up tube then cac alley after),1,NA
p,plasma room,1,NA
p,post crocomire missile room,1,NA
p,post crocomire missiles,1,NA
p,post crocomire power bomb room,1,NA
p,"power bomb (alpha), the any% pack",1,NA
p,power bomb (below the door after pipe maze),1,NA
p,"power bomb (beta), green door left of elevator, hidden underneath the destructible floor",1,NA
p,"power bomb (crateria), top right of landing site",1,NA
p,power bomb (croc),1,NA
p,"power bomb (east sand hole), same location as above",1,NA
p,power bomb (etecoons),1,NA
p,power bomb (hidden behind/below the above item's location),1,NA
p,power bomb (landing site),1,NA
p,power bomb (maze),1,NA
p,power bomb (quick-drop),1,NA
p,"power bomb (retro brinstar, above green hill)",1,NA
p,power bomb (retro),1,NA
p,power bomb (sandpit),1,NA
p,power bomb (shame),1,NA
p,power bomb gauntlet,1,NA
p,power bomb wall jumping,1,NA
p,power bombs (23) (5) (shinespark),1,NA
p,power bombs (30) (10),1,NA
p,power bombs (31) (15),1,NA
p,power bombs (44) (20),1,NA
p,power bombs (50) (25),1,NA
p,power bombs (52) (30),1,NA
p,power bombs (69) (35),1,NA
p,power bombs (81) (40),1,NA
p,power bombs (85) (45),1,NA
p,power bombs (93) (50),1,NA
p,pre g missile,1,NA
p,pre-draygon missile,1,NA
p,pre-phantoon missiles,1,NA
p,pseudo plasma missiles,1,NA
p,ptsd,1,NA
p,purp's suit,1,gravity suit
r,r. sand p-bombs (far right sand exit),1,NA
r,rainbow,1,NA
r,reach the baby,1,NA
r,red pirate shaft,1,NA
r,red suit,1,NA
r,red tower pbs,1,NA
r,refil,1,NA
r,reserve #3,1,NA
r,reserve #4,1,NA
r,reserve tank (41) (2/4),1,NA
r,reserve tank (74) (3/4),1,NA
r,reserve tank (8) (1/4),1,NA
r,reserve tank (88) (4/4),1,NA
r,reserve tank (bubble),1,NA
r,reserve tank (sandpit),1,NA
r,reserve tank (through a hidden path to the left of the previous missile),1,NA
r,"reserve tank (west sand hole), drop down through the left sand pit this time",1,NA
r,retail missiles,1,NA
r,retro binstar tank,1,NA
r,retro birn missiles,1,NA
r,retro brin e-tank,1,NA
r,retro brin power bombs,1,NA
r,retro brinstar cleanup (split at parlor shaft missile),1,NA
r,retro brinstar energy tank,1,NA
r,retro brinstar missile,1,NA
r,retro brinstar pb,1,NA
r,retro brinstar pbs,1,NA
r,retro pb,1,NA
r,retro power bomb,1,NA
r,ridler,1,ridley
r,ridley (4/4),1,ridley
r,ridley scott,1,ridley
r,ridley start,1,NA
r,ridley tank room,1,NA
r,ridley's et,1,NA
r,right gauntlet missiles,1,NA
r,right sand missiles (first sand bottom)),1,NA
r,right sand pit missile,1,NA
r,right sand pit pb,1,NA
r,rildey,1,ridley
r,rip croc,1,crocomire
r,rising tide,1,NA
r,rodney,1,NA
r,ron popeil 1,1,NA
r,ron popeil 2,1,NA
r,ron popeil missiles,1,NA
r,rridlt,1,NA
r,rs beach missiles,1,NA
r,rt.1,1,NA
r,rt.2,1,NA
r,rt.3,1,NA
r,rt.4,1,NA
r,run 5-2.,1,NA
r,run faster,1,speed booster
s,safety save,1,NA
s,saved the animals,1,NA
s,scope,1,NA
s,screw attack (79),1,space jump
s,screw attack (so op...),1,screw attack
s,screw attack room,1,NA
s,shaktool cleared the way,1,NA
s,shaktool prize,1,NA
s,shine supers,1,NA
s,ship entry,1,NA
s,sidehopper powerbomb,1,NA
s,sky missile,1,NA
s,sl.g4,1,NA
s,sl.mb1,1,NA
s,sl.mb2,1,NA
s,sl.mb3,1,NA
s,slimfast,1,NA
s,sm.10,1,NA
s,sm.15,1,NA
s,sm.20,1,NA
s,sm.25,1,NA
s,sm.30,1,NA
s,sm.35,1,NA
s,sm.40,1,NA
s,sm.45,1,NA
s,sm.5,1,NA
s,sm.50,1,NA
s,spaaaace!,1,NA
s,space dragon dead,1,ridley
s,space jam,1,space jump
s,space jump (65),1,space jump
s,space jump room,1,NA
s,spacer,1,spazer
s,spazer room,1,NA
s,spazzer (11) (2/5),1,spazer
s,speed boost missile,1,NA
s,speed booster room,1,NA
s,speed boosters (21),1,NA
s,speedboost in brinster,1,NA
s,speedbooster missile,1,NA
s,spike e-tank,1,NA
s,spikhed,1,NA
s,spiky acid snakes room,1,NA
s,sponge bath e-tank,1,NA
s,spore spawn is irrelevant,1,spore spawn supers
s,spore spawn sm,1,spore spawn supers
s,spore spawn super room,1,spore spawn supers
s,spore supers (small cake pop mid),1,spore spawn supers
s,spospo,1,spore spawn supers
s,spring ball (70),1,spring ball
s,spring ball maze pb's,1,NA
s,spring ball room,1,NA
s,spring bawl,1,spring ball
s,springball maze missiles,1,NA
s,springball maze pb + missile,1,NA
s,springball maze pbs,1,NA
s,squat's,1,NA
s,statue room,1,golden 4
s,statues hallway,1,golden 4
s,statues room,1,golden 4
s,super #7 (left above botwoon),1,NA
s,super (any %),1,NA
s,super (go right after phanny),1,NA
s,super crabs,1,NA
s,super missile (34) (10) (left),1,NA
s,super missile (35) (15) (right),1,NA
s,super missile (49) (20),1,NA
s,super missile (53) (25),1,NA
s,super missile (60) (30),1,NA
s,super missile (62) (35),1,NA
s,super missile (67) (40),1,NA
s,super missile (78) (45),1,NA
s,super missile (9) (5),1,NA
s,super missile (99) (50),1,NA
s,"super missile (aqueduct), same location as above",1,NA
s,"super missile (crateria), hidden right of climb - bomb first platform on right side and shinespark up shaft",1,NA
s,"super missile (etecoon), green door to the left",1,NA
s,super missile (hidden in sand pit below a choot),1,NA
s,"super missile (main street), ""crab supers""",1,NA
s,"super missile (wrecked ship east), past the robots",1,NA
s,super missile east,1,NA
s,super missile west,1,NA
s,super missle,1,NA
s,super nearby,1,NA
s,super the block (up the way you came after'),1,NA
s,supers,1,NA
s,supers (boyons),1,NA
s,supers (crab),1,NA
s,supers (dead-end),1,NA
s,supers (early),1,first supers
s,supers (right-side),1,NA
s,swimsuit,1,NA
t,tank destroyed,1,NA
t,tank missile,1,NA
t,terminator energy tank,1,NA
t,that's all folks,1,NA
t,the climb supers,1,NA
t,the final missile,1,NA
t,the last missile,1,NA
t,the next power bomb,1,NA
t,three musketeers' room,1,NA
t,ticklebeam,1,NA
t,time bomb set,1,NA
t,time to go fast,1,NA
t,timeloss,1,NA
t,toilet,1,NA
t,touch ship,1,NA
t,tourian elevator,1,NA
t,tourian entrance opened,1,NA
t,tourian escape room 1,1,NA
t,tourian escape room 2,1,NA
t,tourian escape room 3,1,NA
t,tourian escape room 4,1,NA
t,tourian eye door room,1,NA
t,tourian recharge station,1,NA
t,tourian save room,1,NA
t,tr landing site pbs,1,NA
t,tripper missiles,1,NA
t,ttank,1,NA
t,tube missiles (green hills),1,NA
t,turtle,1,NA
t,turtle missiles (right wall),1,NA
u,under the bridge missiles,1,NA
u,upper bubble mountain missiles,1,NA
v,v-suit,1,varia suit
v,varia suit (12) (1/2),1,varia suit
v,varia suit room,1,NA
v,variable suit,1,varia suit
v,victory,1,NA
w,w sand hole missiles,1,NA
w,w sand hole reserve,1,NA
w,walljump power,1,NA
w,walljump super,1,NA
w,walljump tutorial energy,1,NA
w,warehouse energy tank room,1,NA
w,water level,1,NA
w,watering hold missiles,1,NA
w,watering hole,1,NA
w,waterway energy tank,1,NA
w,waterway energy tank room,1,NA
w,waterway tank,1,NA
w,wave beam (19) (3/5),1,NA
w,wave beam room,1,NA
w,wave check,1,NA
w,wave gate etank,1,NA
w,wave gate tank,1,NA
w,west ocean maze missiles,1,NA
w,west ocean water missiles,1,NA
w,west sand 1,1,NA
w,west sand 2,1,NA
w,west sand hole,1,NA
w,west sand hole pitfall,1,NA
w,west sand hole reserve,1,NA
w,west sand missles,1,NA
w,west super,1,NA
w,wheeeee,1,NA
w,woke up zebes,1,NA
w,wrecked ship 1st supers,1,NA
w,wrecked ship east,1,NA
w,wrecked ship east missile room,1,NA
w,wrecked ship east super room,1,NA
w,wrecked ship east supers,1,NA
w,wrecked ship energy tank room,1,NA
w,wrecked ship main shaft missiles,1,NA
w,wrecked ship reserve tank,1,NA
w,wrecked ship shaft missile,1,NA
w,wrecked ship west super room,1,NA
w,wrecked time,1,NA
w,ws attic missiles,1,NA
w,ws left missile,1,NA
w,ws left sm,1,NA
w,ws left supers,1,NA
w,ws main shaft missiles,1,NA
w,ws reserve missiles,1,NA
w,ws right sm,1,NA
w,ws right supers,1,NA
w,ws super,1,NA
w,ws west missiles,1,NA
x,x-ray (frogway...crickets?),1,x-ray
x,x-ray scope (91),1,x-ray
x,x-ray scope room,1,NA
x,xｰray scope,1,x-ray
